Name,Pos,GP,GS,MIN,PTS,OR,DR,REB,AST,STL,BLK,TO,PF,AST/TO,PER,FGM,FGA,FG%,3PM,3PA,3P%,FTM,FTA,FT%,2PM,2PA,2P%,SC-EFF,SH-EFF
Paul Millsap,PF,81,81.0,32.7,17.1,2.4,6.6,9.0,3.3,1.8,1.7,2.4,2.9,1.4,21.33,6.2,13.2,47.0,0.9,2.9,31.9,3.8,5.0,75.7,5.3,10.3,51.2,1.2990000000000002,0.5
Jeff Teague,PG,79,78.0,28.5,15.7,0.4,2.3,2.7,5.9,1.2,0.3,2.8,2.1,2.2,17.98,5.5,12.5,43.9,1.4,3.5,40.0,3.3,3.9,83.7,4.1,9.0,45.4,1.254,0.49
Al Horford,C,82,82.0,32.1,15.2,1.8,5.5,7.3,3.2,0.8,1.5,1.3,2.0,2.5,19.46,6.5,12.8,50.5,1.1,3.1,34.4,1.3,1.6,79.8,5.4,9.7,55.7,1.192,0.55
Kent Bazemore,SF,75,68.0,27.8,11.6,0.4,4.7,5.1,2.3,1.3,0.5,1.8,2.3,1.2,13.42,4.3,9.7,44.1,1.5,4.1,35.7,1.6,2.0,81.5,2.8,5.6,50.2,1.203,0.52
Dennis Schroder,PG,80,6.0,20.3,11.0,0.3,2.2,2.6,4.4,0.9,0.1,2.3,1.7,1.9,15.62,4.1,9.8,42.1,1.0,3.0,32.2,1.8,2.3,79.1,3.2,6.8,46.5,1.125,0.47
Kyle Korver,G,80,80.0,30.0,9.2,0.2,3.1,3.3,2.1,0.8,0.4,1.2,2.0,1.7,9.78,3.4,7.7,43.5,2.0,5.0,39.9,0.6,0.7,83.3,1.4,2.8,50.0,1.2,0.56
Thabo Sefolosha,F,75,11.0,23.4,6.4,0.7,3.8,4.5,1.4,1.1,0.5,0.9,1.5,1.6,12.4,2.5,5.0,50.5,0.6,1.7,33.9,0.8,1.3,62.6,1.9,3.3,58.9,1.29,0.56
Tim Hardaway Jr.,SG,51,1.0,16.9,6.4,0.1,1.5,1.7,1.0,0.4,0.1,0.5,0.9,2.2,11.71,2.2,5.2,43.0,0.9,2.8,33.8,1.0,1.1,89.3,1.3,2.4,53.7,1.23,0.52
Kris Humphries,PF,21,0.0,14.0,6.4,1.0,2.4,3.4,0.6,0.5,0.3,0.7,2.1,0.9,15.01,2.2,4.8,46.5,0.4,1.5,25.8,1.5,2.1,71.1,1.9,3.3,55.7,1.327,0.5
Mike Scott,PF,75,0.0,15.3,6.2,0.7,2.0,2.7,1.0,0.3,0.2,0.6,1.4,1.9,14.06,2.3,5.0,46.8,0.8,2.1,39.2,0.7,0.8,79.4,1.5,2.9,52.3,1.234,0.55
Tiago Splitter,C,36,2.0,16.1,5.6,1.3,2.1,3.3,0.8,0.6,0.3,0.7,2.0,1.3,13.79,2.3,4.3,52.3,0.0,0.1,0.0,1.1,1.3,81.3,2.3,4.3,52.9,1.297,0.52
Shelvin Mack,G,24,0.0,7.5,3.9,0.1,0.8,0.9,1.6,0.3,0.0,0.6,0.3,2.7,15.51,1.7,4.0,42.1,0.2,1.1,14.8,0.4,0.5,75.0,1.5,2.8,52.9,0.9790000000000001,0.44
Mike Muscala,PF,60,0.0,9.4,3.3,0.6,1.3,2.0,0.6,0.2,0.5,0.5,1.2,1.3,13.68,1.3,2.5,50.0,0.2,0.7,30.8,0.5,0.7,79.5,1.1,1.9,56.6,1.2830000000000001,0.54
Justin Holiday,SG,26,1.0,10.1,2.4,0.2,0.9,1.0,0.4,0.5,0.2,0.5,0.8,0.8,4.7,0.9,2.8,32.9,0.4,1.7,22.2,0.2,0.4,50.0,0.5,1.1,50.0,0.863,0.4
Lamar Patterson,SG,35,0.0,11.3,2.4,0.1,1.3,1.4,1.1,0.3,0.1,0.7,1.3,1.7,5.1,0.8,2.3,35.0,0.3,1.4,24.5,0.5,0.6,72.7,0.5,0.9,51.6,1.05,0.43
Edy Tavares,C,11,0.0,6.6,2.3,0.6,1.3,1.9,0.3,0.1,0.5,0.5,0.7,0.6,14.48,1.0,1.7,57.9,0.0,0.0,0.0,0.3,0.7,37.5,1.0,1.7,57.9,1.3159999999999998,0.58
Kirk Hinrich,SG,11,0.0,6.9,0.5,0.1,1.0,1.1,1.3,0.2,0.1,0.3,0.1,4.7,6.22,0.2,1.0,18.2,0.1,0.5,16.7,0.0,0.0,0.0,0.1,0.5,20.0,0.455,0.23
Total,atl,82,,,102.8,8.3,33.8,42.1,25.6,9.1,5.9,14.5,19.1,1.8,,38.6,84.4,45.8,9.9,28.4,35.0,15.6,20.0,78.3,28.7,56.1,51.2,1.218,0.52
Brook Lopez,C,73,73.0,33.7,20.6,2.8,5.1,7.8,2.0,0.8,1.7,2.4,2.9,0.8,21.8,8.1,15.8,51.1,0.0,0.2,14.3,4.3,5.5,78.7,8.1,15.7,51.5,1.297,0.51
Thaddeus Young,PF,73,73.0,33.0,15.1,2.4,6.6,9.0,1.9,1.5,0.5,1.9,2.5,1.0,17.58,6.8,13.2,51.4,0.1,0.4,23.3,1.4,2.2,64.4,6.7,12.8,52.3,1.1440000000000001,0.52
Sean Kilpatrick,G,23,0.0,23.2,13.8,0.4,1.7,2.2,1.1,0.4,0.1,1.2,1.3,1.0,16.79,5.0,10.8,46.2,1.5,4.2,36.1,2.3,2.6,89.8,3.5,6.6,52.6,1.2770000000000001,0.53
Jarrett Jack,G,32,32.0,32.1,12.8,0.3,4.0,4.3,7.4,1.1,0.2,2.9,2.4,2.5,14.49,4.4,11.2,39.1,1.0,3.2,30.4,3.1,3.5,89.3,3.4,8.0,42.6,1.148,0.43
Joe Johnson,G,57,57.0,33.9,11.8,0.6,3.3,3.9,4.1,0.7,0.0,2.0,1.8,2.0,10.73,4.3,10.7,40.6,1.5,4.0,37.1,1.6,1.9,85.2,2.8,6.6,42.7,1.104,0.48
Bojan Bogdanovic,SF,79,39.0,26.8,11.2,0.5,2.8,3.2,1.3,0.4,0.1,1.5,1.5,0.9,10.79,4.1,9.5,43.3,1.6,4.3,38.2,1.4,1.7,83.3,2.5,5.2,47.4,1.1840000000000002,0.52
Wayne Ellington,SG,76,41.0,21.3,7.7,0.3,2.0,2.3,1.1,0.6,0.1,0.6,1.1,1.8,10.19,2.9,7.4,38.9,1.3,3.5,35.8,0.7,0.8,85.7,1.6,3.9,41.6,1.045,0.47
Shane Larkin,G,78,17.0,22.4,7.3,0.4,1.9,2.3,4.4,1.2,0.2,1.9,1.6,2.3,13.36,2.8,6.4,44.2,0.5,1.4,36.1,1.1,1.4,77.6,2.3,5.1,46.4,1.127,0.48
Donald Sloan,G,61,33.0,21.6,7.0,0.3,2.6,2.8,4.4,0.5,0.1,1.3,1.2,3.4,13.98,2.5,5.7,44.0,0.6,1.6,38.4,1.3,1.7,75.0,1.9,4.1,46.2,1.2109999999999999,0.49
Andrea Bargnani,C,46,0.0,13.8,6.6,0.6,1.5,2.1,0.4,0.1,0.2,0.6,1.3,0.7,11.89,2.8,6.1,45.5,0.1,0.3,18.8,1.0,1.2,82.5,2.7,5.7,47.1,1.09,0.46
Henry Sims,C,14,4.0,18.8,6.5,1.5,3.6,5.1,0.6,0.6,1.0,0.9,2.6,0.8,13.91,2.4,5.5,42.9,0.0,0.0,0.0,1.8,2.1,83.3,2.4,5.5,42.9,1.182,0.43
Markel Brown,G,62,6.0,15.8,5.9,0.4,1.6,2.0,1.5,0.6,0.2,0.9,1.5,1.7,11.31,2.0,5.2,39.4,0.6,2.0,31.4,1.1,1.5,75.5,1.4,3.2,44.3,1.127,0.45
Rondae Hollis-Jefferson,F,29,17.0,21.2,5.8,1.3,4.0,5.3,1.5,1.3,0.6,0.9,2.1,1.7,14.23,2.2,4.8,45.7,0.1,0.5,28.6,1.3,1.8,71.2,2.0,4.3,47.6,1.21,0.47
Willie Reed,C,39,2.0,10.9,4.7,1.3,1.9,3.1,0.3,0.2,0.8,0.4,1.2,0.6,19.22,1.9,3.4,57.1,0.0,0.0,0.0,0.8,1.4,54.5,1.9,3.4,57.1,1.368,0.57
Chris McCullough,F,24,4.0,15.1,4.7,1.0,1.8,2.8,0.4,1.2,0.5,0.6,1.6,0.6,12.2,1.8,4.5,40.4,0.5,1.4,38.2,0.5,1.0,47.8,1.3,3.1,41.3,1.028,0.46
Thomas Robinson,F,71,7.0,12.9,4.3,1.9,3.1,5.1,0.6,0.5,0.5,1.0,1.6,0.7,14.54,1.8,4.1,44.7,0.0,0.0,0.0,0.7,1.5,43.1,1.8,4.1,44.8,1.055,0.45
Sergey Karasev,SG,40,5.0,10.0,2.4,0.2,1.3,1.5,0.9,0.2,0.1,0.6,0.7,1.6,8.57,0.8,1.9,40.5,0.3,0.9,29.7,0.7,0.7,92.9,0.5,0.9,51.4,1.311,0.48
Total,bkn,82,,,98.6,10.5,31.9,42.4,22.3,7.6,4.0,14.3,18.0,1.6,,38.2,84.4,45.3,6.5,18.4,35.2,15.7,20.7,75.7,31.8,66.0,48.1,1.169,0.49
Isaiah Thomas,PG,82,79.0,32.2,22.2,0.6,2.4,3.0,6.2,1.1,0.1,2.7,2.0,2.3,21.54,7.2,16.9,42.8,2.0,5.7,35.9,5.8,6.6,87.1,5.2,11.2,46.2,1.319,0.49
Avery Bradley,PG,76,72.0,33.4,15.2,0.6,2.3,2.9,2.1,1.5,0.3,1.4,2.2,1.4,13.25,6.0,13.4,44.8,1.9,5.4,36.1,1.3,1.6,78.0,4.1,8.1,50.5,1.133,0.52
Jae Crowder,SF,73,73.0,31.6,14.2,1.0,4.2,5.1,1.8,1.7,0.5,1.1,2.7,1.6,15.85,4.9,11.1,44.3,1.7,5.0,33.6,2.7,3.3,82.0,3.3,6.2,52.9,1.2770000000000001,0.52
Evan Turner,G,81,12.0,28.0,10.5,0.6,4.3,4.9,4.4,1.0,0.3,2.1,1.7,2.1,13.65,4.2,9.3,45.6,0.2,1.0,24.1,1.8,2.2,82.7,4.0,8.3,48.2,1.1340000000000001,0.47
Jared Sullinger,C,81,73.0,23.6,10.3,2.4,5.9,8.3,2.3,0.9,0.6,1.3,2.6,1.8,16.78,4.3,10.0,43.5,0.4,1.3,28.2,1.3,2.0,64.0,4.0,8.7,45.8,1.035,0.45
Kelly Olynyk,F,69,8.0,20.2,10.0,1.0,3.0,4.1,1.5,0.8,0.5,1.1,2.4,1.4,16.33,3.7,8.1,45.5,1.2,3.0,40.5,1.4,1.9,75.0,2.4,5.0,48.6,1.236,0.53
Marcus Smart,PG,61,10.0,27.3,9.1,1.2,2.9,4.2,3.0,1.5,0.3,1.3,3.0,2.3,11.34,3.0,8.7,34.8,1.0,4.0,25.3,2.1,2.7,77.7,2.0,4.7,42.7,1.055,0.41
Amir Johnson,F,79,76.0,22.8,7.3,2.3,4.1,6.4,1.7,0.7,1.1,1.2,2.7,1.5,16.03,3.2,5.4,58.5,0.1,0.5,23.3,0.9,1.5,57.0,3.0,4.8,62.4,1.354,0.6
David Lee,PF,30,4.0,15.7,7.1,1.4,3.0,4.3,1.8,0.4,0.4,1.3,1.7,1.4,15.54,2.9,6.4,45.3,0.0,0.0,0.0,1.3,1.7,78.4,2.9,6.4,45.5,1.115,0.45
Tyler Zeller,C,60,3.0,11.8,6.1,1.0,1.9,3.0,0.5,0.2,0.4,0.8,1.6,0.6,15.42,2.3,4.8,47.6,0.0,0.0,0.0,1.5,1.8,81.5,2.3,4.8,47.6,1.255,0.48
Jonas Jerebko,F,78,0.0,15.1,4.4,1.0,2.7,3.7,0.8,0.3,0.3,0.7,1.8,1.2,10.32,1.5,3.7,41.3,0.6,1.4,39.8,0.8,1.0,78.2,1.0,2.3,42.1,1.189,0.49
RJ Hunter,G,36,0.0,8.8,2.7,0.1,1.0,1.0,0.4,0.4,0.1,0.3,0.8,1.2,7.74,1.0,2.7,36.7,0.5,1.8,30.2,0.2,0.2,85.7,0.5,1.0,48.6,0.99,0.46
Coty Clarke,PF,3,0.0,2.0,2.0,0.0,0.3,0.3,0.0,0.0,0.0,0.3,0.0,0.0,24.02,0.7,1.3,50.0,0.7,0.7,100.0,0.0,0.0,0.0,0.0,0.7,0.0,1.5,0.75
Terry Rozier,PG,39,0.0,8.0,1.8,0.6,1.0,1.6,0.9,0.2,0.0,0.5,0.6,1.9,5.05,0.7,2.7,27.4,0.2,0.7,22.2,0.2,0.3,80.0,0.6,2.0,29.1,0.679,0.3
Jordan Mickey,F,16,0.0,3.6,1.3,0.4,0.4,0.8,0.1,0.0,0.7,0.1,0.3,1.0,15.35,0.5,1.4,36.4,0.0,0.0,0.0,0.3,0.6,50.0,0.5,1.4,36.4,0.955,0.36
James Young,G,29,0.0,6.9,1.0,0.1,0.8,0.9,0.3,0.2,0.0,0.2,0.6,1.8,3.62,0.4,1.2,30.6,0.2,0.9,23.1,0.0,0.1,25.0,0.2,0.3,50.0,0.8059999999999999,0.39
Total,bos,82,,,105.7,11.6,33.3,44.9,24.2,9.2,4.2,13.5,21.9,1.8,,39.2,89.2,43.9,8.7,26.1,33.5,18.5,23.5,78.8,30.5,63.1,48.3,1.185,0.49
Kemba Walker,PG,81,81.0,35.6,20.9,0.7,3.7,4.4,5.2,1.6,0.5,2.1,1.4,2.5,20.87,7.0,16.4,42.7,2.2,6.0,37.1,4.6,5.4,84.7,4.8,10.4,45.9,1.2690000000000001,0.5
Nicolas Batum,SF,70,70.0,35.0,14.9,0.8,5.3,6.1,5.8,0.9,0.6,2.9,1.6,2.0,15.69,5.3,12.5,42.6,2.0,5.7,34.8,2.3,2.7,84.9,3.3,6.8,49.2,1.198,0.51
Michael Kidd-Gilchrist,F,7,7.0,29.3,12.7,1.7,4.7,6.4,1.3,0.4,0.4,1.1,1.3,1.1,16.97,4.7,8.7,54.1,0.4,1.0,42.9,2.9,4.1,69.0,4.3,7.7,55.6,1.459,0.57
Al Jefferson,C,47,18.0,23.3,12.0,1.2,5.2,6.4,1.5,0.6,0.9,0.7,2.5,2.1,18.26,5.2,10.7,48.5,0.0,0.0,0.0,1.5,2.4,64.9,5.2,10.7,48.5,1.113,0.49
Jeremy Lin,G,78,13.0,26.3,11.7,0.5,2.7,3.2,3.0,0.7,0.5,1.9,2.1,1.6,13.8,3.8,9.3,41.2,1.0,2.9,33.6,3.1,3.7,81.5,2.9,6.4,44.6,1.255,0.46
Marvin Williams,F,81,81.0,28.9,11.7,1.6,4.9,6.4,1.4,0.7,1.0,0.8,1.6,1.8,16.9,4.2,9.2,45.2,1.9,4.7,40.2,1.5,1.8,83.3,2.3,4.6,50.4,1.2690000000000001,0.55
Courtney Lee,G,28,28.0,30.2,8.9,0.4,2.8,3.1,2.1,1.2,0.4,0.8,2.0,2.6,11.2,3.5,7.9,44.5,1.1,2.8,39.2,0.8,0.9,88.5,2.4,5.0,47.5,1.136,0.52
Jeremy Lamb,SG,66,0.0,18.6,8.8,0.7,3.2,3.8,1.2,0.6,0.5,0.8,1.6,1.5,15.92,3.5,7.7,45.1,0.8,2.7,30.9,1.0,1.3,72.7,2.6,5.0,52.9,1.137,0.51
Cody Zeller,PF,73,60.0,24.3,8.7,1.9,4.3,6.2,1.0,0.8,0.9,0.9,2.8,1.0,16.18,3.2,6.0,52.9,0.0,0.1,10.0,2.4,3.2,75.4,3.2,5.8,53.9,1.46,0.53
Frank Kaminsky,PF,81,3.0,21.1,7.5,0.9,3.3,4.1,1.2,0.5,0.5,0.7,1.6,1.7,12.51,2.7,6.5,41.0,0.8,2.5,33.7,1.3,1.8,73.0,1.8,4.0,45.5,1.1540000000000001,0.47
Spencer Hawes,PF,57,6.0,18.2,6.0,0.9,3.4,4.3,1.9,0.4,0.5,1.0,1.9,1.9,12.41,2.2,5.4,40.5,0.7,1.8,37.3,0.9,1.1,83.1,1.5,3.6,42.2,1.111,0.47
P.J. Hairston,SF,48,43.0,19.5,6.0,0.4,2.3,2.7,0.6,0.5,0.1,0.5,2.2,1.2,7.4,2.1,5.8,35.9,1.1,3.6,31.4,0.7,0.9,81.0,0.9,2.2,43.3,1.036,0.46
Troy Daniels,G,43,0.0,11.1,5.6,0.2,1.2,1.3,0.5,0.3,0.1,0.6,0.9,0.9,14.97,2.1,4.3,47.6,1.4,2.8,48.4,0.1,0.2,55.6,0.7,1.5,46.2,1.294,0.63
Brian Roberts,PG,30,0.0,11.1,4.8,0.1,0.8,1.0,1.3,0.2,0.0,0.5,0.8,2.4,13.96,1.7,3.8,44.3,0.3,0.9,33.3,1.1,1.2,91.9,1.4,2.9,47.7,1.261,0.48
Tyler Hansbrough,PF,44,0.0,7.8,2.4,0.9,1.1,2.0,0.2,0.3,0.2,0.3,1.3,0.7,12.49,0.7,1.6,45.1,0.0,0.1,66.7,0.9,1.5,58.5,0.7,1.5,44.1,1.465,0.46
Jorge Gutierrez,G,12,0.0,5.3,1.8,0.0,0.6,0.6,1.4,0.3,0.0,0.5,0.3,2.8,19.17,0.5,0.9,54.5,0.0,0.2,0.0,0.8,0.9,90.9,0.5,0.8,66.7,2.0,0.55
Aaron Harrison,G,21,0.0,4.4,0.9,0.2,0.5,0.7,0.1,0.3,0.0,0.2,0.5,0.5,4.3,0.2,0.9,26.3,0.1,0.5,30.0,0.2,0.6,41.7,0.1,0.4,22.2,0.9470000000000001,0.34
Total,cha,82,,,103.4,9.0,35.0,43.9,21.7,7.3,5.3,11.9,18.1,1.8,,37.0,84.4,43.9,10.6,29.4,36.2,18.7,23.7,79.0,26.4,55.0,47.9,1.225,0.5
Jimmy Butler,SF,67,67.0,36.9,20.9,1.2,4.2,5.3,4.8,1.6,0.6,2.0,1.9,2.4,21.33,7.0,15.4,45.4,1.0,3.1,31.2,5.9,7.1,83.2,6.1,12.4,48.9,1.3519999999999999,0.49
Pau Gasol,PF,72,72.0,31.8,16.5,2.2,8.9,11.0,4.1,0.6,2.0,2.3,2.1,1.8,21.76,6.5,13.8,46.9,0.3,1.0,34.8,3.2,4.0,79.2,6.2,12.9,47.8,1.193,0.48
Derrick Rose,PG,66,66.0,31.8,16.4,0.7,2.7,3.4,4.7,0.7,0.2,2.7,1.3,1.8,13.52,6.8,15.9,42.7,0.7,2.3,29.3,2.2,2.7,79.3,6.1,13.6,44.9,1.031,0.45
Nikola Mirotic,F,66,38.0,24.9,11.8,0.9,4.6,5.5,1.5,0.9,0.7,1.5,2.3,1.0,15.63,3.8,9.2,40.7,2.0,5.2,39.0,2.2,2.7,80.7,1.7,4.0,43.0,1.276,0.52
Doug McDermott,SF,81,4.0,23.0,9.4,0.5,2.0,2.4,0.7,0.2,0.1,0.7,1.6,1.1,10.99,3.6,8.0,45.2,1.4,3.2,42.5,0.9,1.0,85.7,2.2,4.8,47.0,1.186,0.54
Taj Gibson,F,73,55.0,26.5,8.6,2.8,4.1,6.9,1.5,0.6,1.1,1.1,2.5,1.4,15.7,3.6,6.8,52.6,0.0,0.0,0.0,1.4,2.0,69.2,3.6,6.8,52.9,1.254,0.53
E'Twaun Moore,SG,59,22.0,21.4,7.5,0.3,1.9,2.3,1.7,0.6,0.3,0.9,1.7,1.9,11.43,3.2,6.6,48.1,0.8,1.8,45.2,0.4,0.6,62.9,2.4,4.8,49.1,1.139,0.54
Mike Dunleavy,SG,31,30.0,22.7,7.2,0.3,2.4,2.7,1.3,0.5,0.3,0.8,2.1,1.5,9.09,2.5,6.1,41.0,1.3,3.2,39.4,0.9,1.2,78.4,1.2,2.9,42.7,1.181,0.51
Aaron Brooks,G,69,0.0,16.1,7.1,0.3,1.2,1.5,2.6,0.4,0.1,1.2,1.9,2.2,11.87,2.7,6.8,40.1,1.0,2.7,35.7,0.7,0.9,76.6,1.8,4.1,43.0,1.047,0.47
Bobby Portis,PF,62,4.0,17.8,7.0,2.0,3.5,5.4,0.8,0.4,0.4,0.9,1.6,1.0,13.9,3.0,7.0,42.7,0.3,0.8,30.8,0.8,1.1,72.7,2.7,6.2,44.3,1.0,0.44
Justin Holiday,SG,27,4.0,18.9,6.5,0.3,2.0,2.3,1.7,0.7,0.6,1.0,1.5,1.7,11.87,2.4,5.7,41.3,1.0,2.2,43.3,0.8,1.0,81.5,1.4,3.5,40.0,1.135,0.5
Tony Snell,SG,64,33.0,20.3,5.3,0.3,2.8,3.1,1.0,0.3,0.3,0.8,1.6,1.2,6.47,2.0,5.3,37.2,0.9,2.4,36.1,0.5,0.5,90.9,1.1,2.9,38.0,0.997,0.45
Joakim Noah,C,29,2.0,21.9,4.3,3.0,5.8,8.8,3.8,0.6,1.0,1.8,2.7,2.1,14.08,1.8,4.6,38.3,0.0,0.0,0.0,0.8,1.6,48.9,1.8,4.6,38.6,0.932,0.38
Kirk Hinrich,SG,35,7.0,15.9,3.8,0.2,1.5,1.7,1.7,0.4,0.0,0.8,1.8,2.2,7.33,1.3,3.4,39.8,0.7,1.6,41.1,0.4,0.5,93.8,0.7,1.8,38.7,1.119,0.5
Cristiano Felicio,PF,31,4.0,10.4,3.4,1.0,2.3,3.3,0.8,0.2,0.4,0.4,1.0,2.0,17.61,1.3,2.3,55.6,0.0,0.1,0.0,0.8,1.1,71.4,1.3,2.2,58.8,1.4580000000000002,0.56
Cameron Bairstow,PF,18,2.0,5.7,1.9,0.2,1.3,1.6,0.3,0.1,0.2,0.2,1.1,1.5,6.89,0.7,2.2,32.5,0.1,0.3,20.0,0.4,0.4,87.5,0.7,1.9,34.3,0.85,0.34
Total,chi,82,,,101.6,11.1,35.2,46.3,22.8,6.0,5.7,13.3,18.8,1.7,,38.6,87.4,44.1,7.9,21.4,37.1,16.5,21.0,78.7,30.7,66.1,46.4,1.162,0.49
LeBron James,SF,76,76.0,35.6,25.3,1.5,6.0,7.4,6.8,1.4,0.6,3.3,1.9,2.1,27.64,9.7,18.6,52.0,1.1,3.7,30.9,4.7,6.5,73.1,8.6,14.9,57.3,1.3559999999999999,0.55
Kyrie Irving,PG,53,53.0,31.5,19.6,0.8,2.1,3.0,4.7,1.1,0.3,2.3,2.0,2.0,19.96,7.4,16.6,44.8,1.6,4.9,32.1,3.2,3.6,88.5,5.8,11.6,50.2,1.1840000000000002,0.5
Kevin Love,PF,77,77.0,31.5,16.0,1.9,8.0,9.9,2.4,0.8,0.5,1.8,2.1,1.3,19.08,5.3,12.7,41.9,2.1,5.7,36.0,3.4,4.1,82.2,3.3,7.0,46.7,1.263,0.5
Dahntay Jones,SG,1,0.0,42.0,13.0,1.0,4.0,5.0,2.0,1.0,2.0,0.0,6.0,inf,10.36,6.0,14.0,42.9,1.0,2.0,50.0,0.0,0.0,0.0,5.0,12.0,41.7,0.929,0.46
JR Smith,G,77,77.0,30.7,12.4,0.6,2.3,2.8,1.7,1.1,0.3,0.8,2.6,2.2,12.43,4.6,11.0,41.5,2.6,6.6,40.0,0.6,0.9,63.4,1.9,4.4,43.8,1.124,0.54
Mo Williams,PG,41,14.0,18.2,8.2,0.1,1.6,1.8,2.4,0.3,0.1,1.4,1.5,1.7,12.5,3.2,7.4,43.7,0.9,2.5,35.3,0.9,1.0,90.5,2.3,4.9,48.0,1.119,0.5
Tristan Thompson,C,82,34.0,27.7,7.8,3.3,5.7,9.0,0.8,0.5,0.6,0.7,2.5,1.0,15.91,3.0,5.1,58.8,0.0,0.0,0.0,1.8,3.0,61.6,3.0,5.1,58.8,1.531,0.59
Channing Frye,F,26,3.0,17.2,7.5,0.5,3.1,3.6,1.0,0.3,0.3,0.5,2.2,2.0,14.95,2.7,6.2,44.1,1.7,4.4,37.7,0.4,0.5,78.6,1.1,1.8,59.6,1.217,0.57
Matthew Dellavedova,PG,76,14.0,24.6,7.5,0.4,1.7,2.1,4.4,0.6,0.1,1.5,2.3,2.9,11.31,2.7,6.7,40.5,1.3,3.1,41.0,0.8,0.9,86.4,1.4,3.6,40.1,1.114,0.5
Timofey Mozgov,C,76,48.0,17.4,6.3,1.4,3.0,4.4,0.4,0.3,0.8,0.9,2.1,0.5,14.63,2.7,4.7,56.5,0.0,0.1,14.3,0.9,1.3,71.6,2.7,4.6,57.4,1.3230000000000002,0.57
Iman Shumpert,SG,54,5.0,24.4,5.8,0.6,3.2,3.8,1.7,1.0,0.4,1.1,2.2,1.6,8.48,2.1,5.6,37.4,0.8,2.7,29.5,0.7,0.9,78.4,1.3,2.9,44.7,1.02,0.44
Richard Jefferson,F,74,5.0,17.9,5.5,0.2,1.5,1.7,0.8,0.4,0.2,0.6,1.7,1.4,9.73,1.9,4.2,45.8,0.9,2.3,38.2,0.8,1.2,66.7,1.0,1.9,55.4,1.314,0.56
Jordan McRae,G,15,1.0,7.5,4.1,0.1,0.7,0.8,1.0,0.0,0.1,0.6,0.7,1.7,14.3,1.5,3.5,44.2,0.5,0.7,63.6,0.6,0.9,69.2,1.1,2.7,39.0,1.192,0.51
James Jones,SG,48,0.0,9.6,3.7,0.2,0.9,1.0,0.3,0.2,0.2,0.3,1.0,1.1,11.61,1.2,3.0,40.8,0.9,2.2,39.4,0.4,0.5,80.8,0.4,0.8,44.7,1.254,0.55
Jared Cunningham,G,40,3.0,8.9,2.6,0.1,0.7,0.7,0.5,0.3,0.1,0.5,0.9,1.1,5.97,0.8,2.3,35.2,0.3,0.8,31.3,0.8,1.2,62.5,0.6,1.5,37.3,1.143,0.41
Anderson Varejao,C,31,0.0,10.0,2.6,0.8,2.2,2.9,0.6,0.4,0.2,0.5,1.1,1.3,11.23,1.0,2.5,42.1,0.0,0.0,0.0,0.5,0.7,76.2,1.0,2.4,42.7,1.053,0.42
Sasha Kaun,C,25,0.0,3.8,0.9,0.5,0.6,1.0,0.1,0.2,0.2,0.3,0.4,0.4,12.58,0.4,0.7,52.9,0.0,0.0,0.0,0.2,0.4,45.5,0.4,0.7,52.9,1.3530000000000002,0.53
Joe Harris,SG,5,0.0,3.0,0.6,0.0,0.6,0.6,0.4,0.0,0.0,0.2,0.2,2.0,3.41,0.2,0.8,25.0,0.2,0.8,25.0,0.0,0.0,0.0,0.0,0.0,0.0,0.75,0.38
Total,cle,82,,,104.3,10.6,33.9,44.5,22.7,6.7,3.9,12.9,20.3,1.8,,38.7,84.0,46.0,10.7,29.6,36.2,16.3,21.7,74.8,27.9,54.4,51.4,1.242,0.52
Dirk Nowitzki,F,75,75.0,31.5,18.3,0.7,5.8,6.5,1.8,0.7,0.7,1.1,2.1,1.6,19.09,6.6,14.8,44.8,1.7,4.6,36.8,3.3,3.7,89.3,5.0,10.3,48.3,1.234,0.5
Deron Williams,PG,65,63.0,32.4,14.1,0.3,2.6,2.9,5.8,0.9,0.2,2.3,2.4,2.5,14.68,4.9,11.9,41.4,1.5,4.3,34.4,2.8,3.2,86.9,3.4,7.6,45.4,1.185,0.48
Chandler Parsons,SF,61,51.0,29.5,13.7,0.5,4.2,4.7,2.8,0.8,0.3,1.6,1.9,1.8,16.31,5.2,10.7,49.2,1.7,4.1,41.4,1.5,2.2,68.4,3.5,6.6,54.0,1.286,0.57
Wesley Matthews,SG,78,78.0,33.9,12.5,0.3,2.7,3.1,1.9,1.0,0.2,1.0,2.3,1.9,10.91,4.2,10.9,38.8,2.4,6.7,36.0,1.6,1.9,86.3,1.8,4.2,43.2,1.1440000000000001,0.5
J.J. Barea,G,74,16.0,22.5,10.9,0.4,1.7,2.1,4.1,0.4,0.0,1.5,1.5,2.7,15.52,4.3,9.6,44.6,1.4,3.5,38.5,1.0,1.3,77.1,2.9,6.1,48.1,1.136,0.52
Raymond Felton,G,80,31.0,27.4,9.5,0.5,2.8,3.2,3.6,0.9,0.2,1.5,1.8,2.3,11.93,3.5,8.5,40.6,0.8,2.7,28.2,1.9,2.2,84.7,2.7,5.9,46.3,1.119,0.45
Zaza Pachulia,C,76,69.0,26.4,8.6,3.3,6.2,9.4,1.7,0.8,0.3,1.6,2.4,1.1,16.26,2.9,6.2,46.6,0.0,0.0,0.0,2.8,3.6,76.8,2.9,6.1,46.9,1.383,0.47
David Lee,PF,25,1.0,17.3,8.5,2.4,4.6,7.0,1.2,0.4,0.6,1.1,2.5,1.1,24.09,3.6,5.7,63.6,0.0,0.0,0.0,1.2,1.7,73.8,3.6,5.7,63.6,1.49,0.64
Devin Harris,G,64,0.0,20.0,7.6,0.3,1.9,2.2,1.8,0.9,0.2,1.0,1.9,1.8,13.17,2.6,5.8,44.7,0.8,2.5,32.9,1.6,2.2,72.1,1.8,3.4,53.2,1.3019999999999998,0.52
Dwight Powell,C,69,2.0,14.4,5.8,1.2,2.7,4.0,0.6,0.5,0.3,0.6,1.7,1.1,16.87,2.1,4.3,49.3,0.0,0.2,12.5,1.5,2.1,73.9,2.1,4.1,51.4,1.348,0.5
Charlie Villanueva,PF,62,4.0,10.7,5.1,0.4,2.1,2.5,0.4,0.3,0.2,0.5,1.1,0.8,12.01,2.0,5.3,38.2,0.8,2.8,27.3,0.4,0.4,91.7,1.3,2.5,50.3,0.976,0.45
JaVale McGee,C,34,2.0,10.9,5.1,1.6,2.4,3.9,0.1,0.1,0.8,0.6,1.4,0.1,20.0,2.3,3.9,57.5,0.0,0.0,0.0,0.5,1.1,50.0,2.3,3.9,57.9,1.284,0.57
Justin Anderson,F,55,9.0,11.8,3.8,0.3,2.1,2.4,0.5,0.3,0.5,0.4,0.8,1.2,12.34,1.3,3.2,40.6,0.4,1.5,26.5,0.8,1.0,80.0,0.9,1.7,53.3,1.189,0.47
Salah Mejri,C,34,6.0,11.7,3.7,1.2,2.4,3.6,0.3,0.2,1.1,0.7,1.6,0.4,16.87,1.4,2.3,62.8,0.0,0.0,0.0,0.8,1.4,58.7,1.4,2.3,63.6,1.6030000000000002,0.63
John Jenkins,G,21,1.0,9.2,3.3,0.2,0.9,1.0,0.4,0.1,0.0,0.5,0.5,0.8,7.24,1.4,3.3,41.4,0.1,0.9,15.8,0.4,0.4,88.9,1.2,2.4,51.0,0.986,0.44
Jeremy Evans,F,30,2.0,8.4,2.4,0.4,1.4,1.8,0.1,0.2,0.3,0.2,0.6,0.3,12.64,0.9,1.6,54.2,0.1,0.5,25.0,0.5,0.7,71.4,0.7,1.1,68.8,1.479,0.58
Total,dal,82,,,102.3,9.2,33.9,43.1,22.1,6.8,3.7,12.3,19.5,1.8,,37.4,84.1,44.4,9.8,28.6,34.4,17.7,22.3,79.4,27.5,55.6,49.5,1.216,0.5
Danilo Gallinari,PF,53,53.0,34.7,19.5,1.0,4.3,5.3,2.5,0.8,0.4,1.5,1.6,1.8,19.04,5.4,13.2,41.0,1.6,4.5,36.4,7.1,8.2,86.8,3.8,8.7,43.4,1.48,0.47
Will Barton,SG,82,1.0,28.7,14.4,0.7,5.1,5.8,2.5,0.9,0.5,1.7,1.8,1.5,16.07,5.2,12.0,43.2,1.4,4.0,34.5,2.6,3.3,80.6,3.8,8.0,47.6,1.198,0.49
Emmanuel Mudiay,G,68,66.0,30.4,12.8,0.5,2.9,3.4,5.5,1.0,0.5,3.2,2.1,1.7,9.96,4.8,13.3,36.4,1.1,3.4,31.9,2.1,3.1,67.0,3.8,9.9,37.9,0.9640000000000001,0.4
Kenneth Faried,F,67,64.0,25.3,12.5,3.5,5.2,8.7,1.2,0.5,0.9,1.4,2.5,0.9,21.06,5.2,9.3,55.8,0.0,0.0,50.0,2.0,3.3,61.3,5.2,9.3,55.8,1.334,0.56
Gary Harris,SG,76,76.0,32.1,12.3,0.7,2.2,2.9,1.9,1.3,0.2,1.3,1.9,1.5,12.78,4.7,10.1,46.9,1.4,3.9,35.4,1.4,1.8,82.0,3.3,6.2,54.3,1.218,0.54
D.J. Augustin,PG,28,0.0,23.5,11.6,0.1,1.8,1.9,4.7,0.9,0.1,1.9,1.6,2.4,18.08,3.6,8.2,44.5,1.6,3.8,41.1,2.8,3.4,81.9,2.1,4.4,47.5,1.419,0.54
Nikola Jokic,C,80,55.0,21.7,10.0,2.3,4.7,7.0,2.4,1.0,0.6,1.3,2.6,1.8,21.58,3.8,7.5,51.2,0.4,1.1,33.3,1.9,2.4,81.1,3.5,6.5,54.1,1.327,0.54
Jusuf Nurkic,C,32,3.0,17.1,8.2,2.0,3.4,5.5,1.3,0.8,1.4,1.7,2.8,0.7,16.01,3.2,7.6,41.7,0.0,0.1,0.0,1.9,3.1,61.6,3.2,7.5,42.3,1.087,0.42
Joffrey Lauvergne,F,59,15.0,17.6,7.9,1.3,3.6,4.9,0.9,0.2,0.3,0.9,1.9,1.0,15.8,3.3,6.4,51.3,0.2,0.9,24.5,1.1,1.2,89.9,3.1,5.5,55.7,1.224,0.53
Jameer Nelson,G,39,15.0,26.6,7.7,0.5,2.5,2.9,4.9,0.6,0.1,1.7,2.6,2.9,9.53,2.9,7.9,36.8,1.1,3.7,29.9,0.8,0.9,85.7,1.8,4.2,42.9,0.9740000000000001,0.44
Darrell Arthur,F,70,16.0,21.7,7.5,1.2,3.0,4.2,1.4,0.8,0.7,0.9,2.6,1.5,12.55,3.2,7.0,45.2,0.6,1.7,38.5,0.6,0.8,75.5,2.5,5.3,47.3,1.078,0.5
JJ Hickson,C,20,9.0,15.3,6.9,1.1,3.3,4.4,0.8,0.5,0.6,0.8,1.8,1.0,15.91,2.8,5.5,50.5,0.0,0.0,0.0,1.4,3.0,45.8,2.8,5.5,50.5,1.2570000000000001,0.5
Randy Foye,SG,54,7.0,19.8,6.0,0.3,1.6,1.9,2.1,0.5,0.3,1.1,1.5,1.9,7.83,2.2,6.2,35.1,0.9,3.1,29.6,0.7,0.9,83.0,1.2,3.0,40.9,0.97,0.43
JaKarr Sampson,SF,26,22.0,18.0,5.2,0.6,1.7,2.3,0.6,0.5,0.7,0.7,2.0,0.8,9.29,2.1,4.4,47.0,0.3,1.1,27.6,0.7,1.0,72.0,1.8,3.3,53.5,1.165,0.5
Axel Toupane,F,21,0.0,14.5,3.6,0.4,1.1,1.5,0.7,0.3,0.3,0.3,1.9,2.5,7.16,1.2,3.3,35.7,0.6,1.9,32.5,0.6,0.8,76.5,0.6,1.4,40.0,1.0859999999999999,0.45
Sean Kilpatrick,G,8,0.0,10.3,3.4,0.3,0.5,0.8,0.4,0.3,0.0,0.5,0.9,0.8,8.03,1.0,2.6,38.1,0.5,2.1,23.5,0.9,1.0,87.5,0.5,0.5,100.0,1.286,0.48
Kostas Papanikolaou,SF,26,6.0,11.3,2.6,0.3,1.2,1.5,0.6,0.5,0.2,0.8,0.9,0.8,6.04,0.9,2.5,36.4,0.4,1.2,31.3,0.3,0.5,64.3,0.5,1.3,41.2,1.015,0.44
Mike Miller,SG,47,2.0,7.9,1.3,0.1,1.0,1.1,0.9,0.3,0.1,0.4,1.1,2.4,6.49,0.5,1.3,35.5,0.4,1.1,36.5,0.0,0.0,0.0,0.1,0.2,30.0,1.016,0.51
Erick Green,PG,3,0.0,2.3,0.0,0.0,0.3,0.3,0.3,0.0,0.0,0.0,0.0,inf,0.89,0.0,0.3,0.0,0.0,0.3,0.0,0.0,0.0,0.0,0.0,0.0,0.0,0.0,0.0
Total,den,82,,,101.9,11.5,33.1,44.6,22.7,7.4,4.8,14.2,21.0,1.6,,37.7,85.4,44.2,8.0,23.7,33.8,18.5,24.1,76.6,29.7,61.7,48.2,1.193,0.49
Reggie Jackson,PG,79,79.0,30.7,18.8,0.7,2.5,3.2,6.2,0.7,0.1,2.8,2.4,2.2,19.62,6.8,15.7,43.4,1.5,4.2,35.3,3.7,4.3,86.3,5.3,11.5,46.4,1.197,0.48
Tobias Harris,SF,27,25.0,33.4,16.6,0.9,5.3,6.2,2.6,0.7,0.4,1.1,2.3,2.3,18.3,6.1,12.9,47.7,1.2,3.3,37.5,3.0,3.3,91.1,4.9,9.6,51.2,1.284,0.52
Andre Drummond,C,81,81.0,32.9,16.2,4.9,9.9,14.8,0.8,1.5,1.4,1.9,3.0,0.4,21.3,6.8,13.1,52.1,0.0,0.1,33.3,2.6,7.2,35.5,6.8,13.0,52.2,1.24,0.52
Kentavious Caldwell-Pope,SG,76,76.0,36.7,14.5,0.9,2.8,3.7,1.8,1.4,0.2,1.4,2.2,1.3,12.41,5.3,12.6,42.0,1.5,4.9,30.9,2.4,3.0,81.1,3.8,7.8,48.9,1.151,0.48
Marcus Morris Sr.,F,80,80.0,35.7,14.1,1.1,3.9,5.1,2.5,0.8,0.3,1.8,2.1,1.4,12.77,5.1,11.8,43.4,1.4,3.7,36.2,2.5,3.4,74.9,3.8,8.1,46.7,1.197,0.49
Ersan Ilyasova,F,52,52.0,27.6,11.3,1.9,3.5,5.4,1.1,0.7,0.5,1.1,2.3,0.9,14.12,4.2,9.8,42.5,1.5,4.1,36.3,1.5,2.1,72.5,2.7,5.6,47.1,1.159,0.5
Stanley Johnson,SF,73,6.0,23.1,8.1,0.8,3.4,4.2,1.6,0.8,0.2,1.6,2.4,1.0,8.73,3.1,8.2,37.5,0.9,2.8,30.7,1.1,1.4,78.4,2.2,5.4,41.0,0.988,0.43
Jodie Meeks,G,3,0.0,14.3,7.3,0.3,1.3,1.7,1.0,0.0,0.0,0.3,0.7,3.0,13.57,2.3,6.7,35.0,1.3,3.0,44.4,1.3,1.3,100.0,1.0,3.7,27.3,1.1,0.45
Brandon Jennings,G,23,1.0,18.1,6.8,0.2,1.8,2.0,3.0,0.5,0.1,1.0,1.0,3.2,13.12,2.3,6.2,37.1,1.0,3.3,31.2,1.2,1.7,71.1,1.3,2.9,43.9,1.0979999999999999,0.45
Aron Baynes,C,81,1.0,15.2,6.3,1.7,3.0,4.7,0.6,0.3,0.6,0.8,1.9,0.8,17.8,2.4,4.7,50.5,0.0,0.0,0.0,1.6,2.0,76.4,2.4,4.7,50.8,1.339,0.51
Anthony Tolliver,F,72,5.0,18.6,5.3,0.5,2.6,3.2,0.7,0.4,0.2,0.4,1.2,1.9,10.26,1.8,4.6,38.6,1.4,3.8,36.0,0.4,0.7,61.7,0.4,0.8,50.0,1.1540000000000001,0.53
Spencer Dinwiddie,PG,12,0.0,13.3,4.8,0.3,1.1,1.4,1.8,0.3,0.0,0.6,1.7,3.1,8.89,1.6,4.5,35.2,0.1,0.8,10.0,1.6,2.8,57.6,1.5,3.7,40.9,1.074,0.36
Steve Blake,PG,58,2.0,17.0,4.4,0.2,1.4,1.5,3.4,0.4,0.1,1.4,1.2,2.5,9.81,1.6,4.1,38.8,0.9,2.6,34.4,0.3,0.3,80.0,0.7,1.5,46.1,1.058,0.5
Darrun Hilliard,G,38,2.0,10.1,4.0,0.1,1.1,1.2,0.7,0.2,0.0,0.5,0.7,1.4,10.72,1.4,3.4,39.7,0.5,1.3,38.0,0.8,1.1,72.5,0.9,2.1,40.7,1.16,0.47
Reggie Bullock,SF,37,0.0,11.6,3.3,0.4,1.5,1.8,0.7,0.3,0.1,0.2,0.8,3.4,12.03,1.2,2.6,43.9,0.6,1.4,41.5,0.4,0.4,93.3,0.6,1.2,46.7,1.245,0.55
Justin Harper,PF,5,0.0,7.0,2.6,0.0,0.2,0.2,0.0,0.2,0.0,0.4,0.6,0.0,6.98,0.8,2.0,40.0,0.8,1.8,44.4,0.2,0.4,50.0,0.0,0.2,0.0,1.3,0.6
Joel Anthony,C,19,0.0,5.1,0.9,0.4,0.7,1.1,0.1,0.1,0.6,0.1,0.8,0.5,14.11,0.3,0.5,60.0,0.0,0.0,0.0,0.3,0.4,75.0,0.3,0.5,60.0,1.8,0.6
Total,det,82,,,102.0,12.5,33.9,46.3,19.4,7.0,3.7,13.0,19.0,1.5,,37.9,86.4,43.9,9.0,26.2,34.5,17.1,25.5,66.8,28.9,60.2,48.0,1.18,0.49
Stephen Curry,PG,79,79.0,34.2,30.1,0.9,4.6,5.4,6.7,2.1,0.2,3.3,2.0,2.0,31.56,10.2,20.2,50.4,5.1,11.2,45.4,4.6,5.1,90.8,5.1,9.0,56.6,1.486,0.63
Klay Thompson,SG,80,80.0,33.3,22.1,0.4,3.4,3.8,2.1,0.8,0.6,1.7,1.9,1.2,18.67,8.1,17.3,47.0,3.5,8.1,42.5,2.4,2.8,87.3,4.7,9.2,51.0,1.278,0.57
Draymond Green,PF,81,81.0,34.7,14.0,1.7,7.8,9.5,7.4,1.5,1.4,3.2,3.0,2.3,19.31,5.0,10.1,49.0,1.2,3.2,38.8,2.8,4.1,69.6,3.7,6.9,53.7,1.381,0.55
Harrison Barnes,SF,66,59.0,30.9,11.7,1.2,3.8,4.9,1.8,0.6,0.2,0.9,2.1,2.1,12.32,4.5,9.6,46.6,1.2,3.2,38.3,1.5,2.0,76.1,3.2,6.3,50.8,1.2229999999999999,0.53
Marreese Speights,F,72,0.0,11.6,7.1,1.1,2.3,3.3,0.8,0.3,0.5,0.9,1.6,0.9,17.18,2.7,6.3,43.2,0.3,0.9,38.7,1.3,1.6,82.5,2.4,5.5,43.9,1.123,0.46
Andre Iguodala,SG,65,1.0,26.6,7.0,0.8,3.2,4.0,3.4,1.1,0.3,1.2,1.6,2.8,12.25,2.7,5.7,47.8,0.8,2.4,35.1,0.8,1.3,61.4,1.9,3.3,57.0,1.242,0.55
Festus Ezeli,C,46,13.0,16.7,7.0,2.0,3.6,5.6,0.7,0.4,1.1,0.8,2.0,0.8,17.77,2.7,5.0,54.8,0.0,0.0,0.0,1.5,2.9,53.0,2.7,5.0,54.8,1.4040000000000001,0.55
Leandro Barbosa,G,68,0.0,15.9,6.4,0.4,1.3,1.7,1.2,0.6,0.1,0.8,1.6,1.5,11.81,2.5,5.4,46.2,0.6,1.6,35.5,0.8,0.9,83.9,1.9,3.8,50.8,1.17,0.51
Shaun Livingston,G,78,3.0,19.5,6.3,0.5,1.6,2.2,3.0,0.7,0.3,1.0,1.8,3.0,13.89,2.6,4.9,53.6,0.0,0.2,16.7,1.0,1.2,86.0,2.6,4.7,54.8,1.288,0.54
Andrew Bogut,C,70,66.0,20.7,5.4,1.7,5.3,7.0,2.3,0.5,1.6,1.2,3.2,2.0,15.92,2.5,4.0,62.7,0.0,0.0,100.0,0.3,0.7,48.0,2.5,4.0,62.6,1.344,0.63
Brandon Rush,F,72,25.0,14.7,4.2,0.3,2.2,2.5,0.8,0.3,0.3,0.5,0.8,1.7,10.12,1.5,3.6,42.7,0.9,2.2,41.4,0.3,0.4,64.3,0.6,1.4,44.7,1.173,0.55
Ian Clark,G,66,1.0,8.8,3.6,0.2,0.8,1.0,1.0,0.3,0.2,0.7,0.9,1.5,11.57,1.3,3.1,44.1,0.5,1.3,35.7,0.4,0.5,82.4,0.9,1.8,50.0,1.168,0.51
James Michael McAdoo,SF,41,1.0,6.4,2.9,0.7,0.7,1.4,0.4,0.2,0.2,0.4,1.0,1.1,15.99,1.1,2.0,53.6,0.0,0.0,50.0,0.6,1.2,53.1,1.1,2.0,53.7,1.393,0.54
Anderson Varejao,C,22,0.0,8.5,2.6,0.6,1.7,2.3,0.7,0.2,0.2,0.3,1.6,2.5,11.04,1.0,2.2,43.8,0.0,0.0,0.0,0.7,1.3,55.2,1.0,2.2,43.8,1.208,0.44
Jason Thompson,PF,28,1.0,6.4,2.1,0.4,1.6,1.9,0.7,0.1,0.3,0.3,1.4,2.7,13.37,0.7,1.5,47.6,0.0,0.0,0.0,0.7,1.1,62.5,0.7,1.5,47.6,1.429,0.48
Kevon Looney,PF,5,0.0,4.2,1.8,0.8,1.2,2.0,0.0,0.0,0.0,0.2,0.4,0.0,18.71,0.8,1.4,57.1,0.2,0.4,50.0,0.0,0.0,0.0,0.6,1.0,60.0,1.286,0.64
Total,gs,82,,,114.9,10.0,36.2,46.2,28.9,8.4,6.1,14.9,20.7,1.9,,42.5,87.3,48.7,13.1,31.6,41.6,16.7,21.8,76.3,29.4,55.7,52.8,1.3159999999999998,0.56
James Harden,SG,82,82.0,38.1,29.0,0.8,5.3,6.1,7.5,1.7,0.6,4.6,2.8,1.6,25.36,8.7,19.7,43.9,2.9,8.0,35.9,8.8,10.2,86.0,5.8,11.7,49.4,1.469,0.51
Dwight Howard,C,71,71.0,32.1,13.7,3.4,8.4,11.8,1.4,1.0,1.6,2.3,3.1,0.6,18.99,5.2,8.5,62.0,0.0,0.1,0.0,3.3,6.7,48.9,5.2,8.4,62.6,1.6269999999999998,0.62
Michael Beasley,F,20,0.0,18.2,12.8,1.5,3.5,4.9,0.8,0.6,0.5,1.2,2.0,0.7,22.57,5.4,10.3,52.2,0.2,0.5,33.3,1.9,2.5,77.6,5.2,9.8,53.1,1.244,0.53
Trevor Ariza,SF,81,81.0,35.3,12.7,0.8,3.7,4.5,2.3,2.0,0.3,1.4,2.2,1.7,12.97,4.4,10.6,41.6,2.3,6.2,37.1,1.6,2.0,78.3,2.1,4.4,47.8,1.193,0.52
Marcus Thornton,SG,47,6.0,18.8,10.0,0.7,1.8,2.4,1.4,0.7,0.1,0.9,1.6,1.7,14.62,3.7,9.3,40.0,1.6,4.6,33.8,1.1,1.2,87.9,2.1,4.7,46.1,1.085,0.48
Patrick Beverley,PG,71,63.0,28.7,9.9,1.0,2.5,3.5,3.4,1.3,0.4,1.3,3.3,2.6,13.07,3.6,8.4,43.4,1.7,4.4,40.0,0.8,1.2,68.2,1.9,4.0,47.2,1.178,0.54
Terrence Jones,PF,50,11.0,20.9,8.7,1.2,3.0,4.2,0.8,0.5,0.8,1.0,1.7,0.8,13.56,3.3,7.3,45.2,0.5,1.6,31.6,1.5,2.3,66.4,2.8,5.8,49.0,1.183,0.49
Corey Brewer,F,82,12.0,20.4,7.2,0.5,1.9,2.4,1.3,1.0,0.2,1.0,2.0,1.4,9.97,2.6,6.7,38.4,0.7,2.7,27.2,1.3,1.7,75.0,1.8,4.0,46.0,1.069,0.44
Clint Capela,C,77,35.0,19.1,7.0,2.5,3.9,6.4,0.6,0.8,1.2,0.8,2.5,0.8,18.3,3.0,5.2,58.2,0.0,0.0,0.0,1.0,2.7,37.9,3.0,5.1,58.3,1.365,0.58
Josh Smith,PF,23,6.0,18.3,6.6,0.8,2.1,2.9,2.1,0.7,0.6,1.6,2.4,1.3,7.79,2.5,7.3,34.3,1.0,3.7,27.1,0.5,1.1,48.0,1.5,3.7,41.7,0.893,0.41
Donatas Motiejunas,F,37,22.0,14.8,6.2,1.0,1.9,2.9,1.1,0.5,0.1,1.2,1.9,0.9,11.34,2.4,5.5,43.9,0.4,1.5,28.1,0.9,1.4,64.2,2.0,4.0,50.0,1.122,0.48
Jason Terry,G,72,7.0,17.5,5.9,0.2,0.9,1.1,1.4,0.7,0.1,0.7,1.3,2.1,10.22,2.1,5.2,40.2,1.3,3.6,35.6,0.4,0.5,81.8,0.8,1.6,50.4,1.122,0.53
Ty Lawson,G,53,12.0,22.2,5.8,0.4,1.3,1.7,3.4,0.8,0.1,1.5,1.3,2.2,8.92,2.1,5.4,38.7,0.6,1.8,33.0,1.1,1.5,70.0,1.5,3.6,41.5,1.077,0.44
Montrezl Harrell,PF,39,1.0,9.7,3.6,0.6,1.0,1.7,0.4,0.3,0.3,0.4,1.2,1.0,14.63,1.5,2.3,64.4,0.0,0.0,0.0,0.6,1.2,52.2,1.5,2.3,65.2,1.556,0.64
Andrew Goudelock,PG,8,0.0,6.3,2.8,0.1,0.1,0.3,0.5,0.8,0.3,0.9,0.5,0.6,12.41,1.1,2.5,45.0,0.1,1.1,11.1,0.4,0.5,75.0,1.0,1.4,72.7,1.1,0.48
KJ McDaniels,F,37,1.0,6.4,2.4,0.4,0.7,1.1,0.3,0.2,0.2,0.5,0.8,0.6,10.67,0.8,1.9,40.3,0.2,0.7,28.0,0.6,0.8,80.0,0.6,1.3,46.8,1.236,0.45
Chuck Hayes,PF,2,0.0,12.0,2.0,0.0,4.0,4.0,1.0,0.0,0.0,1.5,3.0,0.7,1.65,0.5,1.0,50.0,0.0,0.0,0.0,1.0,1.0,100.0,0.5,1.0,50.0,2.0,0.5
Sam Dekker,F,3,0.0,2.0,0.0,0.0,0.3,0.3,0.0,0.3,0.0,0.0,0.0,0.0,10.76,0.0,0.0,0.0,0.0,0.0,0.0,0.0,0.0,0.0,0.0,0.0,0.0,0.0,0.0
Total,hou,82,,,106.5,11.3,31.7,43.1,22.2,10.0,5.2,15.2,21.8,1.5,,37.7,83.5,45.2,10.7,30.9,34.7,20.4,29.4,69.4,27.0,52.6,51.4,1.276,0.52
Paul George,SG,81,81.0,34.8,23.1,1.0,6.0,7.0,4.1,1.9,0.4,3.3,2.8,1.2,20.98,7.5,17.9,41.8,2.6,7.0,37.1,5.6,6.5,86.0,4.9,10.9,44.7,1.2930000000000001,0.49
Monta Ellis,SG,81,81.0,33.8,13.8,0.5,2.8,3.3,4.7,1.9,0.5,2.5,2.1,1.9,13.79,5.4,12.6,42.7,1.1,3.5,30.9,2.0,2.5,78.6,4.3,9.1,47.2,1.0979999999999999,0.47
George Hill,PG,74,73.0,34.1,12.1,0.8,3.2,4.0,3.5,1.1,0.2,1.4,2.0,2.6,13.22,4.4,10.0,44.1,1.7,4.2,40.8,1.5,2.0,76.0,2.7,5.7,46.6,1.21,0.53
C.J. Miles,SG,64,24.0,22.9,11.8,0.4,2.3,2.7,1.0,0.8,0.5,1.1,2.2,0.9,14.08,4.0,9.9,40.9,2.2,6.0,36.7,1.5,1.9,75.0,1.8,3.9,47.4,1.188,0.52
Myles Turner,PF,60,30.0,22.8,10.3,1.1,4.4,5.5,0.7,0.4,1.4,1.1,2.6,0.6,15.51,4.4,8.8,49.8,0.1,0.2,21.4,1.5,2.0,72.7,4.4,8.6,50.6,1.168,0.5
Ian Mahinmi,C,71,71.0,25.6,9.3,1.9,5.2,7.1,1.5,0.9,1.1,1.4,3.1,1.0,16.66,3.7,6.3,58.9,0.0,0.0,0.0,1.9,3.2,58.7,3.7,6.3,58.9,1.473,0.59
Rodney Stuckey,PG,58,1.0,22.0,8.9,0.3,2.4,2.7,2.4,0.7,0.1,1.3,1.3,1.9,12.65,3.2,7.6,41.3,0.3,1.4,24.1,2.3,2.7,82.9,2.8,6.2,45.3,1.167,0.44
Jordan Hill,C,73,11.0,20.7,8.8,2.1,4.0,6.2,1.2,0.5,0.5,1.3,2.1,0.9,16.42,3.8,7.5,50.6,0.0,0.0,0.0,1.2,1.7,71.2,3.8,7.5,50.7,1.175,0.51
Lavoy Allen,F,79,28.0,20.2,5.4,2.1,3.3,5.4,1.0,0.3,0.5,0.9,1.9,1.1,12.4,2.4,4.7,51.6,0.0,0.0,0.0,0.6,0.9,63.0,2.4,4.7,51.6,1.157,0.52
Ty Lawson,G,13,1.0,18.1,4.9,0.5,1.9,2.4,4.4,0.8,0.1,1.0,1.2,4.4,13.74,2.2,5.2,41.8,0.4,1.1,35.7,0.2,0.5,50.0,1.8,4.1,43.4,0.955,0.46
Chase Budinger,SF,49,2.0,14.9,4.4,0.6,1.8,2.5,1.0,0.6,0.2,0.6,0.9,1.6,11.15,1.7,4.0,41.8,0.4,1.4,29.0,0.7,1.0,70.8,1.2,2.6,48.8,1.113,0.47
Solomon Hill,SF,59,3.0,14.7,4.2,0.7,2.2,2.8,1.0,0.6,0.2,0.6,1.2,1.7,12.23,1.6,3.5,44.7,0.4,1.3,32.4,0.6,0.7,85.7,1.2,2.3,51.5,1.183,0.5
Rakeem Christmas,PF,1,0.0,6.0,4.0,1.0,0.0,1.0,0.0,0.0,0.0,0.0,1.0,0.0,32.11,2.0,2.0,100.0,0.0,0.0,0.0,0.0,0.0,0.0,2.0,2.0,100.0,2.0,1.0
Glenn Robinson III,SF,45,4.0,11.3,3.8,0.3,1.2,1.5,0.6,0.4,0.2,0.4,0.5,1.4,11.39,1.4,3.4,43.0,0.3,0.8,37.8,0.6,0.9,69.2,1.1,2.5,44.7,1.1320000000000001,0.48
Joe Young,G,41,0.0,9.4,3.8,0.1,1.1,1.2,1.6,0.4,0.0,0.8,0.7,2.0,9.94,1.5,4.1,36.7,0.2,1.1,21.7,0.5,0.6,80.0,1.3,3.0,42.3,0.9109999999999999,0.4
Shayne Whittington,PF,7,0.0,5.9,1.6,0.7,1.0,1.7,0.4,0.1,0.1,0.7,1.0,0.6,7.48,0.7,1.6,45.5,0.0,0.3,0.0,0.1,0.3,50.0,0.7,1.3,55.6,1.0,0.45
Total,ind,82,,,102.2,10.3,33.9,44.2,21.2,9.0,4.8,14.3,20.0,1.5,,38.3,85.2,45.0,8.1,23.0,35.1,17.4,22.8,76.4,30.2,62.1,48.6,1.199,0.5
Blake Griffin,PF,35,35.0,33.4,21.4,1.5,6.9,8.4,4.9,0.8,0.5,2.4,2.7,2.0,22.22,8.6,17.2,49.9,0.2,0.5,33.3,4.0,5.5,72.7,8.4,16.7,50.4,1.242,0.5
Chris Paul,PG,74,74.0,32.7,19.5,0.5,3.7,4.2,10.0,2.1,0.2,2.6,2.5,3.8,26.31,7.0,15.1,46.2,1.6,4.4,37.1,4.0,4.4,89.6,5.3,10.6,50.1,1.298,0.52
JJ Redick,SG,75,75.0,28.0,16.3,0.1,1.7,1.9,1.4,0.6,0.1,1.0,1.8,1.4,17.58,5.6,11.7,48.0,2.7,5.6,47.5,2.4,2.7,88.8,3.0,6.1,48.4,1.393,0.59
Jamal Crawford,G,79,5.0,26.9,14.2,0.3,1.6,1.8,2.3,0.7,0.2,1.4,1.5,1.6,14.04,4.8,11.9,40.4,1.5,4.4,34.0,3.1,3.4,90.4,3.3,7.5,44.0,1.193,0.47
DeAndre Jordan,C,77,77.0,33.7,12.7,3.5,10.3,13.8,1.2,0.7,2.3,1.4,2.7,0.8,20.66,4.6,6.6,70.3,0.0,0.0,0.0,3.5,8.0,43.0,4.6,6.6,70.4,1.929,0.7
Jeff Green,PF,27,10.0,26.3,10.9,0.7,2.7,3.4,1.5,0.7,0.8,0.9,2.3,1.7,12.05,4.2,9.9,42.7,0.9,2.9,32.5,1.5,2.4,61.5,3.3,7.0,46.8,1.097,0.47
Austin Rivers,PG,67,7.0,21.9,8.9,0.3,1.6,1.9,1.5,0.7,0.1,0.9,2.0,1.6,11.15,3.4,7.7,43.8,0.9,2.8,33.5,1.2,1.7,68.1,2.4,4.9,49.5,1.149,0.5
Wesley Johnson,F,80,9.0,20.8,6.9,0.5,2.6,3.1,0.6,1.1,0.7,0.7,2.2,0.9,11.05,2.6,6.4,40.4,1.3,3.9,33.3,0.4,0.6,65.2,1.3,2.6,51.0,1.0659999999999998,0.5
Paul Pierce,SF,68,38.0,18.1,6.1,0.2,2.6,2.7,1.0,0.5,0.3,0.9,1.9,1.2,8.29,2.1,5.8,36.3,1.1,3.6,31.0,0.8,1.0,81.8,1.0,2.3,44.5,1.05,0.46
Josh Smith,PF,32,1.0,14.3,5.7,1.0,2.9,3.9,1.3,0.6,1.1,1.3,1.9,1.0,13.21,2.2,5.6,38.3,0.6,1.8,31.0,0.8,1.3,59.5,1.6,3.8,41.8,1.006,0.43
Cole Aldrich,C,60,5.0,13.3,5.5,1.4,3.4,4.8,0.8,0.8,1.1,1.1,2.3,0.8,21.35,2.2,3.8,59.6,0.0,0.0,0.0,1.0,1.4,71.4,2.2,3.8,59.6,1.4580000000000002,0.6
Lance Stephenson,G,43,10.0,15.8,4.7,0.4,2.1,2.5,1.4,0.6,0.1,1.1,1.8,1.3,9.83,1.9,3.9,49.4,0.4,1.1,40.4,0.5,0.7,70.0,1.5,2.8,52.9,1.229,0.55
Luc Mbah a Moute,F,75,61.0,17.0,3.1,0.8,1.5,2.3,0.4,0.6,0.3,0.5,1.3,0.9,7.28,1.3,2.8,45.4,0.2,0.5,32.5,0.4,0.8,52.6,1.1,2.2,48.5,1.1159999999999999,0.49
CJ Wilcox,G,23,0.0,7.3,3.0,0.0,0.5,0.5,0.4,0.4,0.1,0.1,0.7,5.0,12.91,1.1,2.9,39.4,0.4,1.0,39.1,0.4,0.5,75.0,0.7,1.9,39.5,1.061,0.46
Pablo Prigioni,PG,59,3.0,13.9,2.5,0.6,1.3,1.9,2.2,0.9,0.0,0.8,1.4,2.7,10.22,0.9,2.5,37.4,0.5,1.6,29.5,0.1,0.1,87.5,0.5,0.9,51.9,0.986,0.47
Jeff Ayres,F,17,0.0,6.3,1.8,0.2,1.1,1.3,0.3,0.0,0.2,0.4,1.1,0.8,8.33,0.7,1.4,52.2,0.0,0.1,0.0,0.4,0.4,100.0,0.7,1.3,54.5,1.304,0.52
Branden Dawson,SF,6,0.0,4.8,0.8,0.3,0.3,0.7,0.0,0.0,0.2,0.0,0.3,0.0,7.08,0.3,0.8,40.0,0.0,0.0,0.0,0.2,0.2,100.0,0.3,0.8,40.0,1.0,0.4
Alex Stepheson,PF,4,0.0,3.0,0.5,0.3,0.3,0.5,0.0,0.0,0.5,0.0,1.0,0.0,8.97,0.3,0.3,100.0,0.0,0.0,0.0,0.0,0.5,0.0,0.3,0.3,100.0,2.0,1.0
Total,lac,82,,,104.5,8.8,33.3,42.0,22.8,8.6,5.6,12.4,21.3,1.8,,38.3,82.4,46.5,9.7,26.7,36.4,18.2,26.2,69.2,28.6,55.7,51.3,1.268,0.52
Kobe Bryant,SF,66,66.0,28.2,17.6,0.6,3.1,3.7,2.8,0.9,0.2,2.0,1.7,1.4,14.94,6.0,16.9,35.8,2.0,7.1,28.5,3.5,4.3,82.6,4.0,9.8,41.0,1.043,0.42
Jordan Clarkson,PG,79,79.0,32.3,15.5,1.2,2.8,4.0,2.4,1.1,0.1,1.7,2.1,1.4,14.34,6.0,13.9,43.3,1.4,4.1,34.7,2.1,2.6,80.4,4.6,9.8,46.8,1.1159999999999999,0.48
Lou Williams,SG,67,35.0,28.5,15.3,0.5,2.1,2.5,2.5,0.9,0.3,1.6,1.6,1.6,17.76,4.2,10.3,40.8,1.6,4.8,34.4,5.3,6.3,83.0,2.6,5.6,46.4,1.483,0.49
D'Angelo Russell,SG,80,48.0,28.2,13.2,0.6,2.8,3.4,3.3,1.2,0.2,2.5,1.8,1.4,13.22,4.9,12.0,41.0,1.6,4.6,35.1,1.8,2.4,73.7,3.3,7.3,44.7,1.103,0.48
Julius Randle,PF,81,60.0,28.2,11.3,2.1,8.1,10.2,1.8,0.7,0.4,1.8,3.0,1.0,13.92,4.4,10.3,42.9,0.1,0.4,27.8,2.4,3.3,71.5,4.3,9.9,43.6,1.101,0.43
Nick Young,G,54,2.0,19.1,7.3,0.3,1.5,1.8,0.6,0.4,0.1,0.6,0.9,1.1,9.13,2.3,6.9,33.9,1.4,4.4,32.5,1.2,1.4,82.9,0.9,2.5,36.3,1.054,0.44
Brandon Bass,PF,66,0.0,20.3,7.2,1.6,2.7,4.3,1.1,0.5,0.8,0.6,1.9,1.8,17.38,2.6,4.8,54.9,0.0,0.0,0.0,1.9,2.2,84.5,2.6,4.8,55.2,1.492,0.55
Roy Hibbert,C,81,81.0,23.2,5.9,1.6,3.3,4.9,1.2,0.4,1.4,0.9,3.1,1.3,11.24,2.2,5.1,44.3,0.0,0.0,0.0,1.4,1.8,80.7,2.2,5.0,44.5,1.17,0.44
Larry Nance Jr.,PF,63,22.0,20.1,5.5,1.6,3.3,5.0,0.7,0.9,0.4,0.7,2.0,1.1,13.39,2.5,4.8,52.7,0.0,0.2,10.0,0.5,0.7,68.1,2.5,4.6,54.1,1.163,0.53
Metta World Peace,SF,35,5.0,16.9,5.0,0.5,2.0,2.5,0.8,0.6,0.3,0.4,1.9,1.8,8.33,1.6,5.1,31.1,0.7,2.4,31.0,1.1,1.6,70.2,0.8,2.7,31.2,0.9940000000000001,0.38
Marcelinho Huertas,PG,53,0.0,16.4,4.5,0.3,1.4,1.7,3.4,0.5,0.1,1.5,1.4,2.3,10.38,1.8,4.3,42.2,0.3,1.2,26.2,0.5,0.5,93.1,1.5,3.2,47.9,1.03,0.46
Ryan Kelly,PF,36,0.0,13.1,4.2,0.6,2.8,3.4,0.6,0.4,0.3,0.5,1.1,1.1,10.37,1.5,4.1,36.9,0.1,1.0,13.5,1.0,1.5,68.5,1.4,3.1,44.6,1.02,0.39
Anthony Brown,F,29,11.0,20.7,4.0,0.3,2.1,2.4,0.7,0.5,0.2,0.5,1.2,1.3,4.95,1.3,4.3,31.0,0.7,2.4,28.6,0.6,0.7,85.0,0.7,1.9,33.9,0.9129999999999999,0.39
Robert Sacre,C,25,1.0,12.8,3.5,1.3,1.6,2.9,0.6,0.2,0.4,0.5,1.7,1.2,10.39,1.2,3.0,41.3,0.0,0.0,0.0,1.0,1.5,65.8,1.2,3.0,41.3,1.16,0.41
Tarik Black,C,39,0.0,12.7,3.4,1.1,2.9,4.0,0.4,0.4,0.5,0.6,2.0,0.7,12.31,1.5,2.7,54.8,0.0,0.0,0.0,0.5,1.2,42.2,1.5,2.7,54.8,1.2790000000000001,0.55
Total,lal,82,,,97.3,10.7,32.3,43.0,18.0,7.2,4.1,13.0,20.3,1.4,,35.1,84.8,41.4,7.8,24.6,31.7,19.3,24.7,78.1,27.3,60.2,45.4,1.147,0.46
Marc Gasol,C,52,52.0,34.4,16.6,1.1,5.8,7.0,3.8,1.0,1.3,2.3,2.7,1.7,17.74,6.3,13.6,46.4,0.0,0.1,66.7,3.9,4.7,82.9,6.3,13.5,46.3,1.218,0.47
Mike Conley,PG,56,56.0,31.4,15.3,0.5,2.5,2.9,6.1,1.2,0.3,1.5,1.8,4.1,19.45,5.3,12.4,42.2,1.4,3.8,36.3,3.4,4.1,83.4,3.9,8.6,44.9,1.2309999999999999,0.48
Zach Randolph,F,68,53.0,29.6,15.3,2.6,5.1,7.8,2.1,0.6,0.2,1.5,2.1,1.4,18.39,6.3,13.3,47.5,0.1,0.4,23.1,2.5,3.2,79.6,6.3,13.0,48.2,1.147,0.48
Lance Stephenson,G,26,3.0,26.6,14.2,0.8,3.6,4.4,2.8,0.7,0.2,1.8,2.2,1.6,17.18,5.6,11.8,47.4,0.4,1.2,35.5,2.5,3.1,81.5,5.2,10.7,48.7,1.198,0.49
Jeff Green,PF,53,31.0,29.1,12.2,1.0,3.5,4.5,1.8,0.8,0.4,1.3,1.9,1.4,13.49,4.5,10.5,43.1,0.8,2.6,30.9,2.3,2.9,80.0,3.7,7.9,47.0,1.16,0.47
Mario Chalmers,G,55,7.0,22.8,10.8,0.4,2.2,2.6,3.8,1.5,0.2,1.8,3.0,2.1,18.07,3.1,7.5,41.7,0.8,2.5,32.6,3.7,4.5,82.7,2.3,5.0,46.4,1.444,0.47
Courtney Lee,G,51,37.0,29.2,10.0,0.4,1.9,2.3,1.5,1.0,0.3,1.0,1.5,1.6,11.75,3.8,8.2,45.8,1.0,2.7,37.0,1.5,1.8,82.6,2.8,5.5,50.2,1.22,0.52
Matt Barnes,SF,76,45.0,28.8,10.0,1.1,4.4,5.5,2.1,1.0,0.8,1.6,3.1,1.3,11.71,3.5,9.1,38.1,1.6,4.9,32.2,1.5,1.8,80.4,1.9,4.3,44.9,1.094,0.47
Jordan Farmar,PG,12,10.0,24.3,9.2,0.3,1.8,2.1,3.1,1.3,0.2,1.5,1.8,2.1,13.21,3.5,8.3,42.0,1.3,3.8,35.6,0.8,0.8,100.0,2.2,4.6,47.3,1.1,0.5
Tony Allen,SG,64,57.0,25.3,8.4,1.6,3.0,4.6,1.1,1.7,0.3,1.2,2.7,0.9,12.94,3.4,7.3,45.8,0.2,0.7,35.7,1.4,2.2,65.2,3.1,6.7,46.8,1.141,0.47
JaMychal Green,F,78,15.0,18.5,7.4,1.8,3.0,4.8,0.9,0.6,0.4,1.1,2.4,0.8,14.68,2.9,6.3,46.5,0.2,0.6,33.3,1.3,1.8,75.2,2.8,5.8,47.8,1.168,0.48
Brandan Wright,F,12,2.0,17.7,6.9,1.2,2.4,3.6,0.5,0.4,1.3,0.8,1.8,0.6,18.36,2.9,4.3,67.3,0.0,0.0,0.0,1.1,2.0,54.2,2.9,4.3,67.3,1.5959999999999999,0.67
Ray McCallum,PG,10,3.0,21.9,6.9,0.2,1.4,1.6,2.7,0.7,0.3,1.3,1.5,2.1,7.75,2.8,7.9,35.4,1.0,2.6,38.5,0.3,0.5,60.0,1.8,5.3,34.0,0.873,0.42
P.J. Hairston,SF,18,9.0,20.8,6.9,0.4,2.2,2.6,0.5,0.4,0.2,0.9,1.7,0.5,5.77,2.6,7.3,34.8,0.9,3.8,23.2,0.9,1.2,72.7,1.7,3.5,47.6,0.9390000000000001,0.41
Vince Carter,G,60,3.0,16.8,6.6,0.5,1.9,2.4,0.9,0.6,0.3,0.6,1.7,1.6,12.75,2.2,5.7,38.8,1.0,2.8,34.9,1.2,1.4,83.3,1.2,2.9,42.5,1.1520000000000001,0.47
Beno Udrih,PG,8,0.0,15.0,5.9,0.3,0.9,1.1,3.3,0.4,0.1,1.4,1.4,2.4,12.64,2.5,5.8,43.5,0.5,1.4,36.4,0.4,0.4,100.0,2.0,4.4,45.7,1.022,0.48
Xavier Munford,G,14,0.0,17.4,5.7,0.2,2.0,2.2,1.6,0.9,0.2,1.1,1.8,1.5,9.91,2.3,5.5,41.6,0.6,1.6,39.1,0.5,1.0,50.0,1.6,3.9,42.6,1.0390000000000001,0.47
Jarell Martin,F,27,0.0,14.1,5.7,1.4,1.7,3.2,0.6,0.3,0.3,0.7,2.1,0.8,14.06,2.0,4.3,46.6,0.0,0.1,0.0,1.7,2.3,72.6,2.0,4.2,47.4,1.319,0.47
Alex Stepheson,PF,4,0.0,15.3,5.0,4.5,2.0,6.5,0.5,0.3,0.8,0.0,2.0,inf,15.99,2.0,6.5,30.8,0.0,0.0,0.0,1.0,2.5,40.0,2.0,6.5,30.8,0.769,0.31
Briante Weber,G,6,4.0,27.7,4.8,1.3,2.7,4.0,3.3,1.5,0.5,1.5,1.8,2.2,8.37,2.2,6.3,34.2,0.0,0.8,0.0,0.5,0.7,75.0,2.2,5.5,39.4,0.763,0.34
Chris Andersen,PF,20,14.0,18.3,4.6,1.7,2.8,4.5,0.5,0.7,0.5,0.4,1.3,1.3,15.08,1.7,3.1,54.8,0.1,0.5,22.2,1.1,1.6,68.8,1.6,2.7,60.4,1.484,0.56
Ryan Hollins,C,32,9.0,12.9,3.6,1.3,1.5,2.7,0.3,0.2,0.6,0.7,1.8,0.5,12.9,1.4,2.3,62.5,0.0,0.0,0.0,0.8,1.3,61.9,1.4,2.3,62.5,1.611,0.63
Jordan Adams,SG,2,0.0,7.5,3.5,0.0,1.0,1.0,1.5,1.5,0.0,1.0,1.0,1.5,17.31,1.0,3.0,33.3,0.0,0.5,0.0,1.5,2.5,60.0,1.0,2.5,40.0,1.167,0.33
Elliot Williams,SG,5,0.0,9.0,1.6,0.2,0.6,0.8,0.8,0.0,0.0,0.2,0.4,4.0,3.27,0.4,2.0,20.0,0.2,0.8,25.0,0.6,0.8,75.0,0.2,1.2,16.7,0.8,0.25
James Ennis III,SF,10,0.0,4.0,1.6,0.4,0.3,0.7,0.2,0.4,0.2,0.2,0.1,1.0,18.34,0.4,1.3,30.8,0.2,0.8,25.0,0.6,1.0,60.0,0.2,0.5,40.0,1.2309999999999999,0.38
Russ Smith,PG,15,0.0,4.4,1.5,0.1,0.5,0.6,0.7,0.3,0.1,0.5,0.3,1.6,10.49,0.5,1.5,31.8,0.1,0.3,20.0,0.5,0.9,61.5,0.4,1.1,35.3,1.045,0.34
Bryce Cotton,G,5,0.0,1.2,0.8,0.0,0.0,0.0,0.0,0.0,0.0,0.0,0.0,0.0,29.24,0.4,0.4,100.0,0.0,0.0,0.0,0.0,0.0,0.0,0.4,0.4,100.0,2.0,1.0
Jarnell Stokes,C,2,0.0,2.0,0.0,0.5,0.5,1.0,0.0,0.0,0.0,0.0,0.0,0.0,13.64,0.0,0.0,0.0,0.0,0.0,0.0,0.0,0.0,0.0,0.0,0.0,0.0,0.0,0.0
Total,mem,82,,,99.1,11.2,30.5,41.6,20.7,8.8,4.3,12.7,21.7,1.6,,36.8,83.6,44.0,6.1,18.5,33.1,19.3,24.7,78.3,30.7,65.1,47.1,1.185,0.48
Chris Bosh,PF,53,53.0,33.5,19.1,0.9,6.5,7.4,2.4,0.7,0.6,1.5,1.9,1.6,20.29,6.8,14.5,46.7,1.5,4.2,36.5,4.0,5.1,79.5,5.2,10.3,50.8,1.317,0.52
Dwyane Wade,G,74,73.0,30.5,19.0,1.1,3.0,4.1,4.6,1.1,0.6,2.7,1.6,1.7,20.42,7.3,16.0,45.6,0.1,0.6,15.9,4.4,5.5,79.3,7.2,15.4,46.8,1.1909999999999998,0.46
Hassan Whiteside,C,73,43.0,29.1,14.2,3.3,8.6,11.8,0.4,0.6,3.7,1.9,2.8,0.2,25.69,5.7,9.3,60.6,0.0,0.0,0.0,2.9,4.5,65.0,5.7,9.3,60.6,1.525,0.61
Goran Dragic,PG,72,72.0,32.8,14.1,0.8,3.1,3.8,5.8,1.0,0.2,2.6,2.6,2.3,15.57,5.8,12.2,47.7,0.9,2.8,31.2,1.7,2.3,72.7,4.9,9.3,52.7,1.163,0.51
Joe Johnson,G,24,24.0,32.0,13.4,0.6,2.2,2.8,3.6,0.9,0.1,1.8,1.9,2.0,15.25,5.4,10.5,51.8,1.5,3.5,41.7,1.1,1.4,76.5,4.0,7.0,56.9,1.2790000000000001,0.59
Luol Deng,F,74,73.0,32.4,12.3,1.5,4.5,6.0,1.9,1.0,0.4,1.1,1.6,1.7,15.02,4.6,10.1,45.5,1.2,3.5,34.4,2.0,2.6,75.5,3.4,6.6,51.3,1.2229999999999999,0.51
Gerald Green,G,69,14.0,22.6,8.9,0.4,2.0,2.4,0.8,0.6,0.3,0.7,1.8,1.2,10.15,3.3,8.5,39.2,1.2,3.8,32.3,1.0,1.3,78.3,2.1,4.7,44.6,1.0490000000000002,0.46
Tyler Johnson,SG,36,5.0,24.0,8.7,0.8,2.3,3.0,2.2,0.7,0.4,1.3,1.8,1.7,13.8,3.3,6.8,48.6,0.8,2.0,38.0,1.4,1.8,79.7,2.5,4.8,52.9,1.2919999999999998,0.54
Josh Richardson,SG,52,2.0,21.3,6.6,0.4,1.7,2.1,1.4,0.7,0.5,0.7,2.1,2.1,11.48,2.4,5.2,45.2,1.0,2.2,46.1,0.8,1.2,66.7,1.3,3.0,44.6,1.254,0.55
Justise Winslow,PF,78,8.0,28.6,6.4,1.0,4.1,5.2,1.5,0.9,0.3,1.2,2.4,1.2,8.42,2.5,5.9,42.2,0.4,1.5,27.6,1.0,1.5,68.4,2.1,4.4,47.1,1.087,0.46
Amar'e Stoudemire,C,52,36.0,14.7,5.8,1.3,3.0,4.3,0.5,0.3,0.8,0.9,1.8,0.6,17.34,2.4,4.3,56.6,0.0,0.0,0.0,1.0,1.3,74.6,2.4,4.3,56.6,1.357,0.57
Mario Chalmers,G,6,0.0,20.0,5.5,0.2,2.2,2.3,3.2,1.3,0.2,1.5,2.7,2.1,9.54,1.7,5.3,31.3,0.2,1.8,9.1,2.0,2.2,92.3,1.5,3.5,42.9,1.031,0.33
Beno Udrih,PG,36,5.0,16.3,4.4,0.2,1.6,1.8,2.5,0.3,0.0,1.2,1.1,2.1,8.9,1.8,4.2,43.4,0.3,0.9,33.3,0.4,0.5,88.2,1.5,3.3,46.2,1.0390000000000001,0.47
Josh McRoberts,PF,42,1.0,14.2,3.6,0.5,2.0,2.5,1.9,0.4,0.2,0.7,1.6,2.7,9.97,1.3,3.5,37.2,0.3,1.2,24.5,0.7,1.0,70.0,1.0,2.4,43.4,1.014,0.41
Briante Weber,G,1,0.0,3.0,2.0,0.0,1.0,1.0,1.0,0.0,0.0,0.0,1.0,inf,39.36,1.0,1.0,100.0,0.0,0.0,0.0,0.0,0.0,0.0,1.0,1.0,100.0,2.0,1.0
Chris Andersen,PF,7,1.0,5.1,1.9,0.4,0.9,1.3,0.4,0.1,0.4,0.3,0.6,1.5,17.67,0.6,1.4,40.0,0.3,0.7,40.0,0.4,0.6,75.0,0.3,0.7,40.0,1.3,0.5
Udonis Haslem,PF,37,0.0,7.0,1.6,0.3,1.8,2.0,0.4,0.1,0.1,0.1,0.7,2.8,9.12,0.6,1.6,37.7,0.0,0.2,11.1,0.3,0.4,75.0,0.6,1.4,42.3,0.9670000000000001,0.39
Jarnell Stokes,C,5,0.0,2.8,1.4,0.0,0.4,0.4,0.2,0.2,0.0,0.0,0.2,inf,21.85,0.6,1.0,60.0,0.0,0.0,0.0,0.2,0.4,50.0,0.6,1.0,60.0,1.4,0.6
James Ennis III,SF,3,0.0,2.3,0.0,0.0,0.0,0.0,0.3,0.0,0.0,0.0,0.3,inf,2.41,0.0,0.0,0.0,0.0,0.0,0.0,0.0,0.0,0.0,0.0,0.0,0.0,0.0,0.0
Total,mia,82,,,100.0,9.8,34.3,44.1,20.8,6.7,6.5,13.2,18.3,1.6,,38.4,81.7,47.0,6.1,18.0,33.6,17.1,23.0,74.4,32.3,63.6,50.8,1.225,0.51
Khris Middleton,SF,79,79.0,36.1,18.2,0.6,3.3,3.8,4.2,1.7,0.2,2.3,2.6,1.8,16.85,6.4,14.5,44.4,1.8,4.6,39.6,3.5,3.9,88.8,4.6,9.9,46.6,1.256,0.51
Giannis Antetokounmpo,PF,80,79.0,35.3,16.9,1.4,6.2,7.7,4.3,1.2,1.4,2.6,3.2,1.7,18.86,6.4,12.7,50.6,0.4,1.4,25.7,3.7,5.1,72.4,6.1,11.3,53.7,1.3330000000000002,0.52
Greg Monroe,C,79,67.0,29.3,15.3,2.8,6.1,8.8,2.3,0.9,0.8,1.6,2.1,1.4,21.87,6.2,11.9,52.2,0.0,0.0,0.0,2.9,3.9,74.0,6.2,11.9,52.2,1.286,0.52
Jabari Parker,PF,76,72.0,31.7,14.1,1.6,3.6,5.2,1.7,0.9,0.4,1.5,2.0,1.1,14.83,5.8,11.8,49.3,0.1,0.5,25.7,2.3,3.0,76.8,5.7,11.4,50.2,1.19,0.5
Michael Carter-Williams,PG,54,37.0,30.5,11.5,0.9,4.2,5.1,5.2,1.5,0.8,2.8,3.0,1.8,13.98,4.6,10.3,45.2,0.3,1.0,27.3,2.0,3.0,65.4,4.4,9.3,47.2,1.123,0.47
Jerryd Bayless,G,52,18.0,28.9,10.4,0.4,2.3,2.7,3.1,0.9,0.2,1.4,2.1,2.2,12.43,3.6,8.4,42.3,1.9,4.4,43.7,1.3,1.7,77.8,1.6,4.0,40.8,1.238,0.54
O.J. Mayo,SG,41,24.0,26.6,7.8,0.3,2.2,2.6,2.9,1.2,0.2,1.8,3.1,1.6,7.73,2.9,7.8,37.1,1.3,4.0,32.1,0.8,1.0,77.5,1.6,3.9,42.1,1.0,0.45
John Henson,F,57,1.0,16.8,7.0,1.5,2.4,3.9,0.9,0.3,1.9,1.1,2.3,0.8,18.63,2.9,5.1,56.4,0.0,0.0,0.0,1.2,2.1,59.0,2.9,5.1,56.6,1.364,0.56
Greivis Vasquez,PG,23,0.0,20.0,5.7,0.2,1.8,2.0,4.0,0.4,0.0,1.7,1.8,2.3,7.47,2.0,6.0,32.6,0.8,3.2,24.7,1.0,1.1,84.6,1.2,2.8,41.5,0.9420000000000001,0.39
Miles Plumlee,C,61,14.0,14.3,5.1,1.5,2.3,3.8,0.3,0.3,0.8,0.7,1.2,0.4,17.43,2.3,3.8,60.1,0.0,0.0,0.0,0.6,1.0,57.6,2.3,3.8,60.1,1.348,0.6
Tyler Ennis,G,46,7.0,14.2,4.5,0.3,1.3,1.6,2.1,0.5,0.0,1.0,1.4,2.1,10.7,1.8,4.1,44.9,0.3,0.8,33.3,0.5,0.7,73.5,1.5,3.2,48.0,1.102,0.48
Jared Cunningham,G,4,0.0,13.8,4.0,0.0,2.3,2.3,0.3,0.5,0.0,0.8,1.0,0.3,5.81,1.0,3.5,28.6,0.5,1.8,28.6,1.5,1.8,85.7,0.5,1.8,28.6,1.143,0.36
Rashad Vaughn,G,70,6.0,14.3,3.1,0.2,1.1,1.3,0.6,0.4,0.2,0.4,1.0,1.4,4.25,1.2,3.8,30.5,0.6,2.1,29.3,0.2,0.2,80.0,0.5,1.7,31.9,0.816,0.39
Johnny O'Bryant III,PF,66,4.0,13.0,3.0,1.0,1.7,2.7,0.5,0.3,0.1,0.5,1.5,1.0,7.46,1.3,3.2,41.1,0.0,0.0,100.0,0.4,0.6,67.5,1.3,3.2,40.9,0.9570000000000001,0.41
Steve Novak,SF,3,0.0,6.7,2.3,0.0,0.3,0.3,0.0,0.0,0.0,0.0,0.7,0.0,6.72,0.7,2.0,33.3,0.7,2.0,33.3,0.3,0.3,100.0,0.0,0.0,0.0,1.167,0.5
Chris Copeland,SF,24,1.0,6.5,2.1,0.0,0.4,0.4,0.5,0.1,0.0,0.3,0.7,1.8,5.47,0.7,2.1,33.3,0.4,1.5,27.8,0.3,0.3,85.7,0.3,0.6,46.7,0.98,0.43
Damien Inglis,SF,20,1.0,7.8,1.8,0.1,1.5,1.6,0.5,0.3,0.2,0.6,0.6,0.9,6.71,0.7,1.9,35.1,0.2,0.7,23.1,0.4,0.4,87.5,0.5,1.2,41.7,0.973,0.39
Total,mil,82,,,99.0,10.5,31.2,41.7,23.1,8.2,5.8,14.6,20.7,1.6,,38.4,82.2,46.7,5.4,15.6,34.5,17.0,22.7,74.7,33.0,66.6,49.5,1.205,0.5
Andrew Wiggins,SF,81,81.0,35.1,20.7,1.3,2.3,3.6,2.0,1.0,0.6,2.2,2.0,0.9,16.61,7.3,16.0,45.9,0.7,2.3,30.0,5.3,7.0,76.1,6.6,13.6,48.6,1.294,0.48
Karl-Anthony Towns,C,82,82.0,32.0,18.3,2.8,7.7,10.5,2.0,0.7,1.7,2.2,3.0,0.9,22.59,7.6,14.1,54.2,0.4,1.1,34.1,2.7,3.4,81.1,7.3,13.0,55.9,1.304,0.56
Zach LaVine,SG,82,33.0,28.0,14.0,0.3,2.5,2.8,3.1,0.8,0.2,1.9,2.4,1.6,14.34,5.3,11.7,45.2,1.5,3.9,38.9,2.0,2.5,79.3,3.8,7.8,48.2,1.199,0.52
Kevin Martin,SG,39,12.0,21.4,10.6,0.3,1.8,2.1,1.2,0.4,0.0,1.1,1.7,1.1,11.94,3.2,8.6,37.7,1.0,2.6,36.9,3.2,3.6,88.0,2.3,5.9,38.1,1.2429999999999999,0.43
Shabazz Muhammad,F,82,0.0,20.5,10.5,1.2,2.0,3.3,0.6,0.3,0.1,0.9,1.1,0.7,15.26,3.9,8.3,46.5,0.5,1.9,28.9,2.3,3.0,76.4,3.3,6.5,51.6,1.2670000000000001,0.5
Gorgui Dieng,C,82,39.0,27.1,10.1,1.9,5.2,7.1,1.7,1.1,1.2,1.7,2.7,1.0,17.17,3.8,7.1,53.2,0.1,0.2,30.0,2.5,3.0,82.7,3.7,6.8,54.0,1.4280000000000002,0.54
Ricky Rubio,PG,76,76.0,30.6,10.1,0.5,3.8,4.3,8.6,2.1,0.1,2.5,2.6,3.4,17.64,2.9,7.7,37.4,0.8,2.5,32.6,3.5,4.1,84.7,2.1,5.2,39.6,1.307,0.43
Nemanja Bjelica,PF,60,0.0,17.9,5.1,0.8,2.7,3.5,1.4,0.4,0.4,0.8,2.6,1.8,11.23,1.8,3.9,46.8,0.8,2.1,38.4,0.7,0.9,72.7,1.0,1.8,56.4,1.311,0.57
Nikola Pekovic,C,12,3.0,13.0,4.5,0.6,1.2,1.8,0.9,0.1,0.0,0.8,1.8,1.2,6.52,1.6,4.2,38.0,0.0,0.0,0.0,1.3,1.7,80.0,1.6,4.2,38.0,1.08,0.38
Tyus Jones,PG,37,0.0,15.5,4.2,0.2,1.1,1.3,2.9,0.8,0.1,0.9,0.9,3.3,11.28,1.5,4.2,35.9,0.4,1.4,30.2,0.8,1.1,71.8,1.1,2.8,38.8,1.0,0.41
Andre Miller,PG,26,0.0,10.8,3.4,0.2,0.7,0.9,2.2,0.3,0.0,1.0,1.2,2.3,13.71,1.4,2.2,62.1,0.0,0.2,25.0,0.6,0.7,78.9,1.3,2.1,64.8,1.517,0.63
Kevin Garnett,PF,38,38.0,14.6,3.2,0.4,3.6,3.9,1.6,0.7,0.3,0.4,1.8,3.9,12.28,1.4,3.0,47.0,0.0,0.0,0.0,0.4,0.6,66.7,1.4,3.0,47.4,1.061,0.47
Tayshaun Prince,SF,77,44.0,19.0,2.9,0.4,1.5,1.9,1.0,0.5,0.2,0.4,0.8,2.7,6.37,1.3,3.0,44.5,0.1,0.3,17.4,0.2,0.2,68.4,1.3,2.7,47.6,0.965,0.45
Adreian Payne,PF,52,2.0,9.3,2.5,0.4,1.8,2.1,0.6,0.3,0.2,0.7,1.5,0.8,5.68,1.0,2.8,36.6,0.2,0.6,28.1,0.3,0.5,65.4,0.8,2.2,38.9,0.91,0.4
Greg Smith,PF,18,0.0,10.7,2.4,0.7,1.7,2.3,0.3,0.2,0.1,0.4,1.6,0.9,7.94,1.0,1.8,56.3,0.0,0.0,0.0,0.4,0.9,41.2,1.0,1.8,56.3,1.344,0.56
Damjan Rudez,SF,33,0.0,8.4,2.3,0.2,0.5,0.6,0.3,0.1,0.0,0.4,1.0,0.8,5.54,0.8,1.9,40.3,0.5,1.5,34.0,0.2,0.2,100.0,0.2,0.4,66.7,1.21,0.54
Total,min,82,,,102.4,10.0,31.5,41.6,23.4,8.0,4.6,14.4,20.7,1.6,,37.7,81.3,46.4,5.5,16.4,33.8,21.4,27.0,79.2,32.2,64.9,49.6,1.2590000000000001,0.5
Anthony Davis,PF,61,61.0,35.5,24.3,2.1,8.1,10.3,1.9,1.3,2.0,2.0,2.4,1.0,25.1,9.2,18.6,49.3,0.6,1.8,32.4,5.3,7.0,75.8,8.6,16.9,51.1,1.304,0.51
Ryan Anderson,PF,66,7.0,30.4,17.0,2.0,4.0,6.0,1.1,0.6,0.4,1.4,1.7,0.8,17.3,6.0,14.1,42.7,2.0,5.4,36.6,3.0,3.5,87.3,4.0,8.7,46.6,1.21,0.5
Jrue Holiday,SG,65,23.0,28.2,16.8,0.4,2.6,3.0,6.0,1.4,0.3,2.6,2.3,2.3,19.74,6.3,14.4,43.8,1.3,4.0,33.6,2.8,3.3,84.3,5.0,10.4,47.8,1.165,0.49
James Ennis III,SF,9,5.0,31.3,15.9,1.9,2.0,3.9,2.0,1.3,0.3,1.9,2.9,1.1,18.15,5.6,11.1,50.0,2.7,5.6,48.0,2.1,2.7,79.2,2.9,5.6,52.0,1.43,0.62
Eric Gordon,SG,45,44.0,32.9,15.2,0.2,2.0,2.2,2.7,1.0,0.3,1.6,2.2,1.7,13.52,5.1,12.3,41.8,2.5,6.5,38.4,2.5,2.8,88.8,2.6,5.7,45.7,1.2429999999999999,0.52
Tyreke Evans,G,25,25.0,30.6,15.2,0.8,4.4,5.2,6.6,1.3,0.3,2.9,2.6,2.2,17.96,5.4,12.6,43.3,1.3,3.4,38.8,3.0,3.7,79.6,4.1,9.2,45.0,1.207,0.49
Tim Frazier,PG,16,1.0,29.3,13.1,0.9,3.5,4.4,7.5,1.4,0.1,2.4,2.6,3.2,19.19,4.8,10.6,45.0,0.8,1.9,41.9,2.8,3.7,76.3,3.9,8.6,45.7,1.2429999999999999,0.49
Jordan Hamilton,SG,11,4.0,27.6,11.4,1.1,4.5,5.6,2.3,0.7,0.3,1.5,2.2,1.5,12.45,4.5,10.5,42.2,1.2,4.2,28.3,1.3,1.9,66.7,3.3,6.4,51.4,1.078,0.48
Norris Cole,F,45,23.0,26.6,10.6,0.2,3.1,3.4,3.7,0.8,0.1,1.7,2.3,2.2,10.85,4.4,10.8,40.5,0.7,2.3,32.4,1.2,1.4,80.0,3.6,8.5,42.7,0.986,0.44
Ish Smith,PG,27,3.0,22.9,8.9,0.5,2.9,3.4,5.7,0.9,0.2,1.7,1.4,3.4,16.35,3.6,8.4,43.0,0.4,1.2,30.3,1.2,1.6,76.7,3.3,7.2,45.1,1.048,0.45
Toney Douglas,PG,61,18.0,20.7,8.7,0.4,1.9,2.3,2.6,1.1,0.1,1.0,2.1,2.5,14.74,3.0,7.3,41.1,1.3,3.3,39.9,1.4,1.6,84.8,1.7,4.0,42.1,1.193,0.5
Luke Babbitt,F,47,13.0,18.0,7.0,0.5,2.6,3.1,1.1,0.2,0.1,0.5,1.9,2.3,11.6,2.6,6.1,42.2,0.9,2.3,40.4,0.8,1.1,78.0,1.7,3.8,43.3,1.131,0.5
Dante Cunningham,F,80,46.0,24.6,6.1,0.7,2.2,3.0,1.0,0.5,0.4,0.5,2.2,1.9,8.63,2.3,5.2,45.1,0.7,2.2,31.6,0.7,1.0,69.5,1.6,3.0,55.0,1.175,0.52
Alexis Ajinca,C,59,17.0,14.6,6.0,1.3,3.3,4.6,0.5,0.3,0.6,0.9,2.3,0.6,13.9,2.5,5.3,47.6,0.0,0.0,0.0,0.9,1.1,83.9,2.5,5.3,47.8,1.117,0.48
Bryce Dejean-Jones,SG,14,11.0,19.9,5.6,0.6,2.9,3.4,1.1,0.7,0.1,0.8,1.2,1.4,9.64,2.0,4.9,40.6,0.9,2.3,37.5,0.8,1.5,52.4,1.1,2.6,43.2,1.145,0.49
Alonzo Gee,SG,73,38.0,22.4,4.5,0.8,2.5,3.4,1.0,0.9,0.2,0.8,2.3,1.3,8.45,1.8,3.5,51.8,0.2,0.8,28.3,0.6,0.9,66.7,1.6,2.7,59.0,1.275,0.55
Omer Asik,C,68,64.0,17.3,4.0,1.8,4.3,6.1,0.4,0.3,0.3,0.9,1.8,0.4,11.02,1.5,2.9,53.3,0.0,0.0,0.0,0.9,1.6,54.5,1.5,2.9,53.3,1.379,0.53
Kendrick Perkins,C,37,5.0,14.6,2.5,0.7,2.8,3.5,0.8,0.3,0.3,1.1,1.7,0.8,6.05,1.1,2.0,53.3,0.0,0.0,0.0,0.3,0.7,44.0,1.1,2.0,53.3,1.213,0.53
Orlando Johnson,SG,5,1.0,10.8,2.0,0.2,1.0,1.2,0.4,0.2,0.0,0.6,0.8,0.7,-2.1,0.8,3.4,23.5,0.2,1.0,20.0,0.2,0.4,50.0,0.6,2.4,25.0,0.588,0.26
Jimmer Fredette,G,4,0.0,3.3,0.5,0.0,0.0,0.0,0.3,0.3,0.0,0.3,0.3,1.0,-1.53,0.3,1.0,25.0,0.0,0.3,0.0,0.0,0.0,0.0,0.3,0.8,33.3,0.5,0.25
Nate Robinson,PG,2,1.0,11.5,0.0,0.0,0.0,0.0,2.0,0.5,0.0,0.0,2.5,inf,2.62,0.0,0.5,0.0,0.0,0.5,0.0,0.0,0.0,0.0,0.0,0.0,0.0,0.0,0.0
Total,no,82,,,102.7,9.5,33.1,42.6,22.2,7.7,4.2,13.0,20.9,1.7,,38.5,85.9,44.8,8.6,23.8,36.0,17.3,22.2,77.6,29.9,62.0,48.2,1.196,0.5
Carmelo Anthony,PF,72,72.0,35.1,21.8,1.4,6.4,7.7,4.2,0.9,0.5,2.4,2.5,1.7,20.38,7.9,18.2,43.4,1.5,4.3,33.9,4.6,5.6,82.9,6.4,13.8,46.3,1.204,0.47
Kristaps Porzingis,F,72,72.0,28.4,14.3,1.8,5.5,7.3,1.3,0.7,1.9,1.7,2.8,0.8,17.8,5.2,12.3,42.1,1.1,3.4,33.3,2.8,3.3,83.8,4.1,8.9,45.4,1.16,0.47
Arron Afflalo,G,71,57.0,33.4,12.8,0.3,3.4,3.7,2.0,0.4,0.1,1.2,2.0,1.8,10.98,5.0,11.3,44.3,1.3,3.4,38.2,1.5,1.8,84.0,3.7,7.9,46.9,1.138,0.5
Robin Lopez,C,82,82.0,27.1,10.3,3.3,4.1,7.3,1.4,0.2,1.6,1.6,2.2,0.9,17.66,4.4,8.1,53.9,0.0,0.0,0.0,1.6,2.0,79.5,4.4,8.1,54.0,1.272,0.54
Derrick Williams,PF,80,9.0,17.9,9.3,0.6,3.1,3.7,0.9,0.4,0.1,0.8,0.9,1.2,17.28,3.2,7.1,45.0,0.6,1.9,29.3,2.4,3.2,75.8,2.6,5.2,50.6,1.32,0.49
Lance Thomas,F,59,5.0,22.3,8.2,0.6,1.6,2.2,0.9,0.4,0.1,1.0,1.8,0.9,10.45,2.9,6.5,44.2,0.7,1.8,40.4,1.7,2.0,85.7,2.1,4.6,45.8,1.2670000000000001,0.5
Langston Galloway,SG,82,7.0,24.8,7.6,0.5,3.0,3.5,2.5,0.9,0.3,0.7,2.2,3.4,11.69,2.8,7.2,39.3,0.9,2.7,34.4,1.0,1.4,75.4,1.9,4.4,42.3,1.063,0.46
Jose Calderon,G,72,72.0,28.1,7.6,0.3,2.9,3.2,4.1,0.9,0.1,1.2,1.9,3.4,12.33,2.9,6.3,45.9,1.2,2.8,41.4,0.6,0.7,87.5,1.7,3.5,49.6,1.196,0.55
Jerian Grant,G,76,6.0,16.6,5.6,0.3,1.6,1.9,2.3,0.7,0.1,1.1,1.3,2.0,11.2,2.0,5.1,39.4,0.3,1.3,22.0,1.3,1.6,78.0,1.7,3.8,45.4,1.09,0.42
Sasha Vujacic,SG,61,25.0,14.9,4.9,0.4,2.0,2.4,1.4,0.6,0.1,0.7,1.4,1.9,11.1,1.7,4.5,38.3,0.9,2.3,36.4,0.5,0.6,82.1,0.9,2.2,40.3,1.069,0.48
Kyle O'Quinn,C,65,1.0,11.8,4.8,1.2,2.7,3.8,1.1,0.3,0.8,0.9,1.6,1.2,17.5,2.0,4.2,47.6,0.1,0.3,22.7,0.7,0.9,76.7,1.9,3.8,49.8,1.14,0.49
Kevin Seraphin,C,48,0.0,11.0,3.9,0.6,2.0,2.6,1.0,0.2,0.8,0.9,1.4,1.1,10.84,1.8,4.3,41.0,0.0,0.0,0.0,0.4,0.5,82.6,1.8,4.2,41.4,0.912,0.41
Jimmer Fredette,G,2,0.0,2.5,3.5,0.0,0.0,0.0,0.0,0.0,0.0,0.5,0.5,0.0,47.4,0.5,0.5,100.0,0.5,0.5,100.0,2.0,2.5,80.0,0.0,0.0,0.0,7.0,1.5
Thanasis Antetokounmpo,SF,2,0.0,3.0,3.0,0.0,0.5,0.5,0.0,0.0,0.0,0.0,1.0,0.0,33.08,1.5,2.0,75.0,0.0,0.5,0.0,0.0,0.0,0.0,1.5,1.5,100.0,1.5,0.75
Cleanthony Early,SF,17,2.0,9.1,1.8,0.2,1.3,1.5,0.4,0.1,0.2,0.5,0.9,0.7,2.19,0.7,2.4,30.0,0.2,0.9,26.7,0.2,0.2,75.0,0.5,1.5,32.0,0.775,0.35
Lou Amundson,PF,29,0.0,7.0,1.8,0.8,0.9,1.7,0.4,0.2,0.2,0.5,1.5,0.8,6.7,0.7,1.8,35.8,0.0,0.0,0.0,0.5,0.9,51.9,0.7,1.8,35.8,0.981,0.36
Total,ny,82,,,98.4,10.4,34.0,44.4,20.5,5.7,5.7,12.7,19.7,1.6,,36.9,84.0,43.9,7.4,21.5,34.6,17.2,21.4,80.5,29.4,62.5,47.1,1.171,0.48
Kevin Durant,SF,72,72.0,35.8,28.2,0.6,7.6,8.2,5.0,1.0,1.2,3.5,1.9,1.4,28.25,9.7,19.2,50.5,2.6,6.7,38.6,6.2,6.9,89.8,7.1,12.5,57.0,1.469,0.57
Russell Westbrook,PG,80,80.0,34.4,23.5,1.8,6.0,7.8,10.4,2.0,0.3,4.3,2.5,2.4,27.64,8.2,18.1,45.4,1.3,4.3,29.6,5.8,7.2,81.2,6.9,13.8,50.3,1.301,0.49
Enes Kanter,C,82,1.0,21.0,12.7,3.0,5.1,8.1,0.4,0.3,0.4,1.4,2.0,0.3,24.09,5.0,8.8,57.6,0.1,0.3,47.6,2.4,3.1,79.7,4.9,8.5,57.9,1.444,0.58
Serge Ibaka,PF,78,78.0,32.1,12.6,1.8,5.0,6.8,0.8,0.5,1.9,1.4,2.7,0.6,13.99,5.3,11.1,47.9,0.8,2.4,32.6,1.2,1.6,75.2,4.6,8.8,52.0,1.131,0.51
Dion Waiters,G,78,15.0,27.6,9.8,0.5,2.1,2.6,2.0,1.0,0.2,1.5,1.8,1.3,9.39,3.6,9.1,39.9,1.1,3.1,35.8,1.4,2.0,71.3,2.5,6.0,42.1,1.079,0.46
Steven Adams,C,80,80.0,25.2,8.0,2.7,3.9,6.7,0.8,0.5,1.1,1.1,2.8,0.7,15.54,3.3,5.3,61.3,0.0,0.0,0.0,1.4,2.5,58.2,3.3,5.3,61.3,1.493,0.61
Randy Foye,SG,27,1.0,21.2,5.6,0.3,1.6,1.9,1.8,0.5,0.5,1.0,1.8,1.8,7.15,1.9,5.5,34.9,0.9,3.0,30.9,0.8,1.0,81.5,1.0,2.5,39.7,1.013,0.43
Anthony Morrow,SG,68,6.0,13.6,5.6,0.1,0.8,0.9,0.4,0.3,0.1,0.3,0.9,1.4,10.74,2.0,4.9,40.8,1.2,3.0,38.7,0.4,0.6,74.4,0.8,1.9,44.2,1.141,0.53
Cameron Payne,PG,57,1.0,12.2,5.0,0.2,1.3,1.5,1.9,0.6,0.1,0.8,1.4,2.5,12.95,2.0,4.9,41.0,0.6,1.9,32.4,0.3,0.4,79.2,1.4,2.9,46.7,1.018,0.47
Andre Roberson,G,70,70.0,22.2,4.8,1.1,2.5,3.6,0.7,0.8,0.6,0.5,1.9,1.3,10.23,1.9,3.9,49.6,0.5,1.5,31.1,0.5,0.8,61.1,1.5,2.4,60.8,1.23,0.55
D.J. Augustin,PG,34,0.0,15.3,4.2,0.1,1.1,1.3,1.9,0.4,0.1,0.9,1.2,2.2,8.68,1.4,3.6,38.0,0.7,1.8,39.3,0.8,1.0,76.5,0.6,1.8,36.7,1.1740000000000002,0.48
Kyle Singler,F,68,2.0,14.4,3.4,0.7,1.3,2.1,0.4,0.4,0.1,0.5,1.8,0.8,6.68,1.3,3.3,38.9,0.4,1.4,30.9,0.4,0.6,65.9,0.8,1.8,45.2,1.045,0.46
Josh Huestis,F,5,0.0,11.0,2.8,0.4,1.6,2.0,0.0,0.2,0.4,0.6,0.6,0.0,6.68,1.0,2.4,41.7,0.8,1.2,66.7,0.0,0.8,0.0,0.2,1.2,16.7,1.167,0.58
Steve Novak,SF,7,0.0,3.4,2.4,0.0,0.6,0.6,0.0,0.0,0.0,0.1,0.1,0.0,20.83,0.9,1.7,50.0,0.7,1.3,55.6,0.0,0.0,0.0,0.1,0.4,33.3,1.4169999999999998,0.71
Nick Collison,F,59,4.0,11.8,2.1,1.2,1.7,2.9,0.9,0.3,0.3,0.8,1.8,1.0,7.75,0.8,1.8,45.9,0.0,0.0,0.0,0.4,0.6,69.7,0.8,1.8,46.7,1.128,0.46
Nazr Mohammed,C,5,0.0,3.8,1.6,0.2,0.6,0.8,0.0,0.0,0.0,0.6,0.8,0.0,6.08,0.6,1.0,60.0,0.0,0.0,0.0,0.4,0.4,100.0,0.6,1.0,60.0,1.6,0.6
Mitch McGary,PF,20,0.0,3.6,1.3,0.2,0.7,0.9,0.2,0.1,0.1,0.4,0.5,0.4,7.49,0.6,1.2,47.8,0.0,0.2,0.0,0.2,0.5,40.0,0.6,1.0,57.9,1.13,0.48
Total,okc,82,,,110.2,13.1,35.6,48.6,23.0,7.4,5.9,15.5,20.6,1.5,,41.1,86.4,47.6,8.3,23.7,34.8,19.7,25.2,78.2,32.9,62.6,52.5,1.276,0.52
Nikola Vucevic,C,65,60.0,31.3,18.2,2.7,6.2,8.9,2.8,0.8,1.1,1.9,2.7,1.5,21.15,8.2,16.1,51.0,0.0,0.1,22.2,1.7,2.3,75.3,8.2,16.0,51.2,1.129,0.51
Victor Oladipo,SG,72,52.0,33.0,16.0,0.7,4.1,4.8,3.9,1.6,0.8,2.1,2.4,1.8,16.77,5.9,13.5,43.8,1.4,3.9,34.8,2.8,3.4,83.0,4.5,9.6,47.5,1.189,0.49
Evan Fournier,SG,79,71.0,32.5,15.4,0.4,2.4,2.8,2.7,1.2,0.0,1.7,2.7,1.6,14.71,5.4,11.8,46.2,2.0,4.9,40.0,2.5,3.0,83.6,3.5,6.8,50.6,1.306,0.55
Tobias Harris,SF,49,49.0,32.9,13.7,1.4,5.5,7.0,2.0,1.0,0.6,1.6,1.9,1.3,15.08,5.1,11.0,46.4,1.0,3.1,31.1,2.4,3.1,78.4,4.2,8.0,52.3,1.237,0.51
Elfrid Payton,PG,73,69.0,29.4,10.7,1.1,2.5,3.6,6.4,1.2,0.3,2.4,2.2,2.6,13.98,4.4,10.0,43.6,0.4,1.3,32.6,1.5,2.6,58.9,3.9,8.7,45.1,1.0659999999999998,0.46
Aaron Gordon,PF,78,37.0,23.9,9.2,2.0,4.5,6.5,1.6,0.8,0.7,0.8,2.0,1.9,17.07,3.5,7.4,47.3,0.5,1.8,29.6,1.7,2.5,66.8,3.0,5.6,53.1,1.242,0.51
Ersan Ilyasova,F,22,4.0,20.3,8.1,2.0,3.5,5.5,0.5,0.6,0.3,0.5,2.3,1.0,14.71,2.9,7.0,41.8,0.8,2.0,40.9,1.5,2.0,71.1,2.1,5.0,42.2,1.163,0.48
Jason Smith,F,76,2.0,15.5,7.2,0.7,2.2,2.9,0.8,0.4,0.9,0.8,2.1,1.1,14.72,3.2,6.6,48.5,0.1,0.2,25.0,0.7,0.9,80.6,3.2,6.4,49.3,1.085,0.49
Brandon Jennings,G,25,6.0,18.1,7.0,0.4,1.6,2.0,4.0,0.7,0.2,1.4,1.3,2.9,14.33,2.4,6.4,36.6,1.1,3.1,34.6,1.2,1.6,75.0,1.3,3.3,38.6,1.087,0.45
Andrew Nicholson,F,56,0.0,14.7,6.9,0.6,3.0,3.6,0.4,0.2,0.4,0.7,1.2,0.6,14.85,2.6,5.5,47.1,0.7,2.0,36.0,0.9,1.2,78.5,1.9,3.5,53.6,1.239,0.54
Mario Hezonja,F,79,9.0,17.9,6.1,0.4,1.9,2.2,1.4,0.5,0.2,1.2,1.6,1.1,9.49,2.3,5.3,43.3,0.8,2.4,34.9,0.6,0.7,90.7,1.4,2.9,50.4,1.1440000000000001,0.51
Channing Frye,F,44,29.0,17.1,5.2,0.5,2.7,3.2,1.0,0.5,0.5,0.7,1.6,1.5,11.82,1.8,4.2,43.5,1.1,2.8,39.7,0.4,0.5,90.5,0.8,1.5,50.8,1.2309999999999999,0.56
Dewayne Dedmon,C,58,20.0,12.2,4.4,1.2,2.8,3.9,0.2,0.4,0.8,0.6,1.9,0.4,17.08,1.7,3.1,55.9,0.0,0.0,0.0,1.0,1.3,75.0,1.7,3.1,55.9,1.4409999999999998,0.56
C.J. Watson,PG,33,2.0,19.9,4.3,0.3,1.7,2.0,2.7,0.6,0.2,0.8,1.5,3.5,8.59,1.4,4.2,34.3,0.4,1.5,29.2,1.0,1.2,87.2,1.0,2.7,37.1,1.036,0.39
Shabazz Napier,G,55,0.0,10.9,3.7,0.2,0.8,1.0,1.8,0.4,0.0,0.8,0.7,2.1,9.62,1.2,3.7,33.8,0.6,1.9,32.7,0.6,0.8,73.3,0.6,1.8,35.1,1.01,0.42
Devyn Marble,G,28,0.0,8.9,2.1,0.2,1.1,1.4,0.4,0.5,0.0,0.3,0.9,1.7,5.26,0.8,2.5,29.6,0.3,1.1,25.0,0.4,0.9,41.7,0.5,1.4,33.3,0.845,0.35
Keith Appling,PG,5,0.0,5.4,1.2,0.0,0.2,0.2,0.2,0.2,0.0,0.6,1.0,0.3,-4.81,0.4,1.6,25.0,0.0,0.6,0.0,0.4,0.4,100.0,0.4,1.0,40.0,0.75,0.25
Total,orl,82,,,102.1,10.3,33.0,43.3,23.6,8.2,5.1,13.6,20.7,1.7,,39.5,86.8,45.5,7.8,22.2,35.0,15.2,20.1,75.7,31.8,64.7,49.2,1.175,0.5
Jahlil Okafor,C,53,48.0,30.0,17.5,2.3,4.7,7.0,1.2,0.4,1.2,2.3,2.6,0.5,17.14,7.5,14.7,50.8,0.0,0.1,16.7,2.5,3.7,68.6,7.5,14.6,51.1,1.188,0.51
Ish Smith,PG,50,50.0,32.4,14.7,0.6,3.7,4.3,7.0,1.3,0.4,2.6,1.9,2.7,14.45,6.0,14.8,40.5,0.9,2.7,33.6,1.8,2.7,66.9,5.1,12.0,42.0,0.992,0.44
Robert Covington,PF,67,49.0,28.4,12.8,1.0,5.3,6.3,1.4,1.6,0.6,2.1,3.5,0.7,13.24,4.1,10.6,38.5,2.5,7.2,35.3,2.1,2.6,79.1,1.6,3.4,45.2,1.205,0.5
Nerlens Noel,C,67,62.0,29.3,11.1,2.3,5.8,8.1,1.8,1.8,1.5,2.4,2.9,0.8,16.28,4.6,8.8,52.1,0.0,0.0,50.0,2.0,3.4,59.0,4.6,8.7,52.1,1.273,0.52
Isaiah Canaan,G,77,39.0,25.5,11.0,0.3,2.0,2.3,1.8,0.7,0.2,1.2,1.7,1.5,11.1,3.4,9.4,36.0,2.3,6.3,36.3,1.9,2.3,83.3,1.1,3.1,35.4,1.172,0.48
Hollis Thompson,F,77,17.0,28.0,9.8,0.7,2.8,3.5,1.3,0.5,0.3,1.0,2.4,1.3,9.24,3.5,8.8,39.7,1.9,5.1,38.0,0.9,1.2,71.9,1.6,3.7,42.0,1.115,0.51
Carl Landry,PF,36,12.0,15.8,9.8,1.4,2.7,4.1,0.9,0.3,0.3,0.6,1.9,1.5,22.51,3.9,6.9,55.6,0.2,0.4,46.2,1.9,2.5,73.6,3.7,6.6,56.1,1.4040000000000001,0.57
Jerami Grant,PF,77,52.0,26.8,9.7,1.3,3.4,4.7,1.8,0.7,1.6,1.4,2.8,1.2,12.68,3.3,7.8,41.9,0.5,1.9,24.0,2.8,4.2,65.8,2.8,5.9,47.7,1.25,0.45
Nik Stauskas,G,73,35.0,24.8,8.5,0.3,2.2,2.5,1.9,0.6,0.3,1.3,1.6,1.5,9.22,2.9,7.5,38.5,1.5,4.5,32.6,1.2,1.6,77.1,1.4,3.0,47.3,1.1320000000000001,0.48
Tony Wroten,SG,8,3.0,18.0,8.4,0.3,2.4,2.6,2.5,0.4,0.0,3.6,1.4,0.7,1.87,2.8,8.1,33.8,0.4,2.1,17.6,2.5,4.6,54.1,2.4,6.0,39.6,1.031,0.36
T.J. McConnell,PG,81,17.0,19.8,6.1,0.5,2.6,3.1,4.5,1.2,0.1,1.7,1.4,2.6,14.52,2.7,5.7,47.0,0.4,1.1,34.8,0.3,0.5,63.4,2.3,4.6,49.9,1.063,0.5
Richaun Holmes,PF,51,1.0,13.8,5.6,1.2,1.4,2.6,0.6,0.4,0.8,0.6,1.8,1.0,15.93,2.2,4.4,51.4,0.2,0.9,18.2,1.0,1.5,68.9,2.1,3.5,59.6,1.2930000000000001,0.53
JaKarr Sampson,SF,47,18.0,14.7,5.1,0.6,2.1,2.7,0.6,0.2,0.3,1.1,1.9,0.6,7.7,1.8,4.3,42.6,0.1,0.7,17.6,1.3,2.1,63.9,1.7,3.6,47.6,1.188,0.44
Elton Brand,PF,17,1.0,13.2,4.1,0.5,3.2,3.7,1.1,0.5,0.5,0.6,1.9,1.6,11.41,1.8,4.2,43.1,0.0,0.1,0.0,0.5,0.5,88.9,1.8,4.2,43.7,0.972,0.43
Phil Pressey,PG,14,0.0,12.1,3.9,0.0,1.6,1.6,3.3,0.8,0.1,1.4,1.0,2.4,11.88,1.5,3.9,38.2,0.3,0.9,30.8,0.6,1.3,50.0,1.2,3.0,40.5,1.0,0.42
Kendall Marshall,PG,30,6.0,13.3,3.7,0.1,0.9,0.9,2.4,0.5,0.1,1.4,1.0,1.7,6.77,1.4,3.9,36.4,0.5,1.6,32.7,0.3,0.4,69.2,0.9,2.3,39.1,0.941,0.43
Christian Wood,PF,17,0.0,8.5,3.6,0.8,1.5,2.2,0.2,0.3,0.4,0.1,0.6,1.5,16.47,1.3,3.1,41.5,0.2,0.6,36.4,0.8,1.2,61.9,1.1,2.5,42.9,1.151,0.45
Sonny Weems,SG,7,0.0,11.1,2.4,0.1,1.6,1.7,0.3,0.0,0.0,0.6,1.0,0.5,0.81,1.0,3.0,33.3,0.3,1.3,22.2,0.1,0.3,50.0,0.7,1.7,41.7,0.81,0.38
Total,phi,82,,,97.4,9.5,31.8,41.2,21.5,8.3,6.0,15.6,21.7,1.4,,36.2,84.0,43.1,9.3,27.5,33.9,15.7,22.6,69.4,26.9,56.5,47.6,1.16,0.49
Eric Bledsoe,PG,31,31.0,34.2,20.4,0.6,3.5,4.0,6.1,2.0,0.6,3.5,2.4,1.7,20.1,7.2,15.9,45.3,1.5,4.2,37.2,4.5,5.5,80.2,5.6,11.7,48.2,1.285,0.5
Brandon Knight,G,52,50.0,36.0,19.6,0.7,3.2,3.9,5.1,1.2,0.4,3.4,2.4,1.5,14.75,7.1,17.2,41.5,2.3,6.8,34.2,3.0,3.5,85.2,4.8,10.5,46.1,1.137,0.48
Devin Booker,SG,76,51.0,27.7,13.8,0.4,2.1,2.5,2.6,0.6,0.3,2.1,3.0,1.3,12.0,4.8,11.4,42.3,1.3,3.8,34.3,2.8,3.4,84.0,3.5,7.6,46.4,1.209,0.48
Mirza Teletovic,PF,79,1.0,21.3,12.2,0.7,3.1,3.8,1.1,0.4,0.3,1.1,2.0,1.1,16.27,4.2,9.8,42.7,2.3,5.8,39.3,1.5,2.0,77.4,1.9,4.0,47.6,1.242,0.54
Markieff Morris,PF,37,24.0,24.8,11.6,1.2,4.1,5.2,2.4,0.9,0.5,2.4,2.8,1.0,10.84,4.6,11.6,39.7,0.6,2.1,28.9,1.8,2.5,71.7,4.0,9.6,42.0,0.998,0.42
T.J. Warren,SF,47,4.0,22.8,11.0,1.2,1.9,3.1,0.9,0.8,0.3,0.7,2.0,1.4,15.78,4.7,9.4,50.1,0.6,1.5,40.0,1.0,1.4,70.3,4.1,7.9,52.0,1.168,0.53
Alex Len,C,78,46.0,23.3,9.0,2.3,5.3,7.6,1.2,0.5,0.8,1.9,2.9,0.7,12.49,3.4,8.0,42.3,0.0,0.1,14.3,2.2,3.1,72.8,3.4,7.9,42.6,1.127,0.42
Archie Goodwin,SG,57,13.0,19.5,8.9,0.5,2.0,2.5,2.1,0.5,0.2,1.8,1.5,1.2,11.16,3.1,7.4,41.7,0.4,1.7,23.2,2.3,3.4,67.4,2.7,5.7,47.4,1.197,0.44
Jon Leuer,F,67,27.0,18.7,8.5,1.1,4.4,5.6,1.1,0.6,0.4,1.1,1.9,1.0,16.24,3.3,7.0,48.1,0.6,1.6,38.2,1.1,1.5,76.2,2.7,5.3,51.1,1.217,0.53
Orlando Johnson,SG,2,0.0,23.5,8.0,1.5,3.0,4.5,0.0,1.0,1.5,0.5,2.5,0.0,10.12,2.5,8.5,29.4,0.5,2.5,20.0,2.5,3.0,83.3,2.0,6.0,33.3,0.941,0.32
P.J. Tucker,PF,82,80.0,31.0,8.0,2.0,4.2,6.2,2.2,1.3,0.2,1.4,2.5,1.6,10.85,2.9,7.1,41.1,0.8,2.5,33.0,1.3,1.7,74.6,2.1,4.6,45.5,1.12,0.47
Kris Humphries,PF,4,3.0,18.5,7.3,2.8,5.3,8.0,1.8,0.8,0.5,1.0,2.0,1.8,13.56,2.5,9.0,27.8,0.8,2.5,30.0,1.5,2.0,75.0,1.8,6.5,26.9,0.8059999999999999,0.32
Tyson Chandler,C,66,60.0,24.5,7.2,2.7,6.1,8.7,1.0,0.5,0.7,1.4,2.2,0.7,14.74,2.8,4.8,58.3,0.0,0.0,0.0,1.6,2.6,62.0,2.8,4.7,58.5,1.5030000000000001,0.58
Ronnie Price,PG,62,18.0,19.5,5.3,0.4,1.2,1.6,2.4,1.2,0.2,1.1,2.6,2.1,9.62,1.9,4.9,38.4,1.1,3.2,34.7,0.5,0.7,75.6,0.8,1.7,45.3,1.0959999999999999,0.5
Jordan McRae,G,7,0.0,11.7,5.3,0.3,0.9,1.1,1.4,0.4,0.0,0.9,1.0,1.7,14.23,1.6,3.7,42.3,0.4,1.6,27.3,1.7,2.1,80.0,1.1,2.1,53.3,1.423,0.48
John Jenkins,G,22,2.0,13.0,5.0,0.2,1.4,1.6,1.2,0.2,0.0,0.7,0.5,1.6,11.92,1.9,4.1,46.7,0.6,1.5,40.6,0.5,0.7,80.0,1.3,2.6,50.0,1.2109999999999999,0.54
Chase Budinger,SF,17,0.0,11.8,3.2,0.7,1.0,1.7,0.9,0.2,0.1,0.8,0.9,1.2,9.21,1.4,2.6,51.1,0.2,1.0,23.5,0.3,0.5,62.5,1.1,1.6,67.9,1.222,0.56
Alan Williams,C,10,0.0,6.8,2.9,1.4,2.4,3.8,0.5,0.4,0.5,0.6,1.5,0.8,21.15,1.0,2.4,41.7,0.0,0.0,0.0,0.9,1.4,64.3,1.0,2.4,41.7,1.208,0.42
Cory Jefferson,F,8,0.0,6.3,2.8,0.8,1.3,2.0,0.0,0.0,0.1,0.0,1.0,0.0,12.8,1.1,2.8,40.9,0.0,0.1,0.0,0.5,0.8,66.7,1.1,2.6,42.9,1.0,0.41
Sonny Weems,SG,36,0.0,11.7,2.5,0.2,1.0,1.1,1.3,0.3,0.0,1.0,1.1,1.3,4.31,1.0,2.5,39.3,0.4,0.9,40.6,0.2,0.4,53.8,0.6,1.6,38.6,1.011,0.47
Lorenzo Brown,G,8,0.0,7.6,2.5,0.0,0.9,0.9,1.4,0.4,0.1,1.1,0.5,1.2,4.48,1.0,3.1,32.0,0.1,1.0,12.5,0.4,0.5,75.0,0.9,2.1,41.2,0.8,0.34
Phil Pressey,PG,9,0.0,12.6,2.4,0.3,0.6,0.9,3.2,0.8,0.3,1.6,1.6,2.1,8.65,1.0,2.6,39.1,0.0,0.6,0.0,0.4,0.8,57.1,1.0,2.0,50.0,0.9570000000000001,0.39
Bryce Cotton,G,3,0.0,11.0,1.3,0.0,0.0,0.0,1.0,1.0,0.0,1.7,0.7,0.6,-3.28,0.7,2.7,25.0,0.0,1.0,0.0,0.0,0.0,0.0,0.7,1.7,40.0,0.5,0.25
Total,phx,82,,,100.9,11.5,33.3,44.8,20.7,7.7,3.8,16.6,22.7,1.3,,37.2,85.6,43.5,9.0,25.8,34.8,17.5,23.2,75.1,28.2,59.8,47.2,1.179,0.49
Damian Lillard,PG,75,75.0,35.7,25.1,0.6,3.4,4.0,6.8,0.9,0.4,3.2,2.2,2.1,22.25,8.2,19.7,41.9,3.1,8.1,37.5,5.5,6.2,89.2,5.2,11.5,45.0,1.275,0.5
CJ McCollum,SG,80,80.0,34.8,20.8,0.6,2.7,3.2,4.3,1.2,0.3,2.5,2.3,1.7,17.79,8.0,17.9,44.8,2.5,5.9,41.7,2.3,2.8,82.7,5.6,12.0,46.3,1.1640000000000001,0.52
Allen Crabbe,SG,81,8.0,26.0,10.3,0.3,2.3,2.7,1.2,0.8,0.2,0.8,2.4,1.5,12.26,3.8,8.4,45.9,1.4,3.5,39.4,1.2,1.4,86.7,2.5,4.9,50.5,1.227,0.54
Al-Farouq Aminu,PF,82,82.0,28.5,10.2,1.2,4.9,6.1,1.7,0.9,0.6,1.5,2.1,1.2,12.76,3.6,8.8,41.6,1.5,4.3,36.1,1.4,1.9,73.7,2.1,4.5,46.8,1.167,0.5
Mason Plumlee,C,82,82.0,25.4,9.1,2.5,5.2,7.7,2.8,0.8,1.0,1.9,3.1,1.5,17.24,3.3,6.3,51.6,0.0,0.0,0.0,2.6,4.1,64.2,3.3,6.3,52.0,1.449,0.52
Gerald Henderson,SG,72,0.0,19.9,8.7,0.4,2.5,2.9,1.0,0.5,0.3,0.9,1.2,1.1,12.97,3.2,7.3,43.9,0.7,1.9,35.3,1.6,2.0,76.7,2.6,5.5,46.8,1.18,0.48
Meyers Leonard,F,61,10.0,21.9,8.4,0.8,4.3,5.1,1.5,0.1,0.3,1.3,3.0,1.2,11.36,3.2,7.1,44.8,1.4,3.7,37.7,0.6,0.8,76.1,1.8,3.4,52.7,1.175,0.55
Ed Davis,F,81,0.0,20.8,6.5,2.8,4.6,7.4,1.1,0.7,0.9,0.8,2.5,1.4,18.76,2.5,4.2,61.1,0.0,0.0,0.0,1.4,2.5,55.9,2.5,4.2,61.1,1.561,0.61
Maurice Harkless,SF,78,14.0,18.7,6.4,1.3,2.3,3.6,0.9,0.6,0.4,0.8,1.6,1.1,13.37,2.5,5.3,47.4,0.5,1.8,27.9,0.9,1.4,62.2,2.0,3.5,57.6,1.212,0.52
Noah Vonleh,F,78,56.0,15.1,3.6,1.2,2.7,3.9,0.4,0.3,0.3,0.6,1.9,0.6,8.63,1.5,3.6,42.1,0.1,0.6,23.9,0.5,0.7,74.5,1.4,3.0,45.7,1.018,0.44
Brian Roberts,PG,21,0.0,6.5,2.9,0.1,0.5,0.6,0.8,0.1,0.0,0.3,0.6,2.3,13.75,1.1,2.4,46.0,0.3,0.7,40.0,0.4,0.5,80.0,0.8,1.7,48.6,1.2,0.52
Chris Kaman,C,16,2.0,7.0,2.8,0.4,1.1,1.5,0.7,0.1,0.1,0.5,0.9,1.4,11.16,1.3,2.7,46.5,0.1,0.3,25.0,0.2,0.2,100.0,1.2,2.4,48.7,1.023,0.48
Tim Frazier,PG,35,1.0,7.8,1.5,0.3,0.8,1.1,1.2,0.3,0.0,0.8,0.9,1.6,4.77,0.6,1.7,33.3,0.1,0.5,17.6,0.2,0.4,53.3,0.5,1.2,39.5,0.85,0.36
Cliff Alexander,PF,8,0.0,4.5,1.3,0.3,0.5,0.8,0.0,0.1,0.3,0.1,0.1,0.0,11.69,0.6,1.3,50.0,0.0,0.0,0.0,0.0,0.0,0.0,0.6,1.3,50.0,1.0,0.5
Luis Montero,SG,12,0.0,3.5,1.2,0.0,0.3,0.3,0.1,0.0,0.0,0.3,0.1,0.3,-2.7,0.4,1.6,26.3,0.1,0.8,11.1,0.3,0.3,75.0,0.3,0.8,40.0,0.737,0.29
Pat Connaughton,SG,34,0.0,4.2,1.1,0.3,0.6,0.9,0.3,0.1,0.0,0.3,0.2,1.0,4.65,0.4,1.4,26.5,0.1,0.6,23.8,0.1,0.1,100.0,0.2,0.8,28.6,0.735,0.32
Total,por,82,,,105.1,11.6,33.9,45.5,21.3,6.9,4.6,14.1,21.7,1.5,,38.6,85.9,45.0,10.5,28.5,37.0,17.4,23.0,75.4,28.1,57.4,48.9,1.225,0.51
DeMarcus Cousins,C,65,65.0,34.6,26.9,2.4,9.1,11.5,3.3,1.6,1.4,3.8,3.6,0.9,23.67,9.2,20.5,45.1,1.1,3.2,33.3,7.3,10.2,71.8,8.2,17.3,47.3,1.3119999999999998,0.48
Rudy Gay,SF,70,70.0,34.0,17.2,1.5,5.0,6.5,1.7,1.4,0.7,2.0,2.6,0.9,15.51,6.7,14.4,46.3,1.1,3.1,34.4,2.8,3.6,78.0,5.6,11.3,49.5,1.196,0.5
Darren Collison,G,74,15.0,30.0,14.0,0.4,1.9,2.3,4.3,1.0,0.1,1.8,1.9,2.4,15.91,5.1,10.5,48.6,1.2,2.9,40.1,2.6,3.1,85.8,3.9,7.6,51.9,1.334,0.54
Rajon Rondo,PG,72,72.0,35.2,11.9,1.1,5.0,6.0,11.7,2.0,0.1,3.9,2.4,3.0,16.92,4.9,10.9,45.4,0.9,2.4,36.5,1.2,2.1,58.0,4.1,8.5,47.9,1.0979999999999999,0.49
Omri Casspi,F,69,21.0,27.2,11.8,0.8,5.1,5.9,1.4,0.8,0.2,1.4,2.2,1.0,13.96,4.3,9.0,48.1,1.6,4.0,40.9,1.5,2.3,64.8,2.7,5.0,53.7,1.307,0.57
Marco Belinelli,G,68,7.0,24.6,10.2,0.1,1.6,1.7,1.9,0.5,0.0,1.2,1.3,1.6,9.49,3.6,9.3,38.6,1.3,4.4,30.6,1.7,2.0,83.3,2.3,5.0,45.6,1.0959999999999999,0.46
Ben McLemore,G,68,53.0,21.2,7.8,0.5,1.7,2.2,1.2,0.8,0.1,1.5,2.1,0.8,8.67,2.9,6.7,42.9,1.0,2.7,36.2,1.1,1.5,71.8,1.9,4.0,47.4,1.167,0.5
Willie Cauley-Stein,C,66,39.0,21.4,7.0,2.0,3.3,5.3,0.6,0.7,1.0,0.7,2.2,0.8,15.31,2.9,5.1,56.3,0.0,0.0,0.0,1.2,1.9,64.8,2.9,5.1,56.7,1.3659999999999999,0.56
Seth Curry,SG,44,9.0,15.7,6.8,0.2,1.2,1.4,1.5,0.5,0.1,0.8,0.9,1.9,13.9,2.3,5.1,45.5,1.1,2.5,45.0,1.0,1.2,83.3,1.2,2.6,46.0,1.335,0.57
Kosta Koufos,C,78,14.0,19.0,6.8,2.2,3.3,5.4,0.4,0.5,0.9,0.6,2.4,0.7,15.15,3.0,5.7,53.2,0.0,0.0,0.0,0.7,1.3,54.8,3.0,5.7,53.2,1.1909999999999998,0.53
Duje Dukan,PF,1,0.0,24.0,6.0,2.0,2.0,4.0,1.0,1.0,0.0,0.0,2.0,inf,4.18,2.0,10.0,20.0,2.0,5.0,40.0,0.0,0.0,0.0,0.0,5.0,0.0,0.6,0.3
Quincy Acy,F,59,29.0,14.8,5.2,1.1,2.1,3.2,0.5,0.5,0.4,0.5,1.7,1.0,14.71,2.0,3.6,55.6,0.3,0.8,38.8,0.8,1.2,73.5,1.7,2.8,60.6,1.435,0.6
Caron Butler,SF,17,1.0,10.4,3.7,0.3,1.0,1.3,0.6,0.5,0.1,0.2,1.1,3.3,11.33,1.5,3.5,42.4,0.2,1.1,16.7,0.6,0.7,83.3,1.3,2.4,53.7,1.068,0.45
James Anderson,SG,51,15.0,14.1,3.5,0.3,1.4,1.7,0.8,0.4,0.3,0.8,1.1,1.0,6.02,1.3,3.5,37.6,0.5,1.7,26.7,0.4,0.6,75.9,0.9,1.8,47.8,1.006,0.44
Eric Moreland,C,8,0.0,6.0,1.0,0.4,1.0,1.4,0.1,0.0,0.5,0.4,0.5,0.3,7.41,0.4,0.8,50.0,0.0,0.0,0.0,0.3,0.5,50.0,0.4,0.8,50.0,1.3330000000000002,0.5
Total,sac,82,,,106.6,10.6,33.7,44.2,24.5,8.9,4.5,15.5,20.4,1.6,,40.0,86.4,46.3,8.0,22.4,35.9,18.5,25.5,72.5,32.0,64.0,50.0,1.234,0.51
Kawhi Leonard,SF,72,72.0,33.1,21.2,1.3,5.5,6.8,2.6,1.8,1.0,1.5,1.8,1.8,26.11,7.7,15.1,50.5,1.8,4.0,44.3,4.1,4.6,87.4,5.9,11.1,52.8,1.3969999999999998,0.56
LaMarcus Aldridge,PF,74,74.0,30.6,18.0,2.4,6.2,8.5,1.5,0.5,1.1,1.3,2.0,1.1,22.43,7.2,14.1,51.3,0.0,0.2,0.0,3.5,4.1,85.8,7.2,13.9,52.1,1.274,0.51
Tony Parker,G,72,72.0,27.5,11.9,0.2,2.2,2.4,5.3,0.8,0.2,1.8,1.6,2.9,16.22,4.9,9.9,49.3,0.4,0.9,41.5,1.8,2.4,76.0,4.5,9.0,50.1,1.207,0.51
Manu Ginobili,G,58,0.0,19.6,9.6,0.4,2.1,2.5,3.1,1.1,0.2,1.7,1.7,1.8,17.9,3.4,7.5,45.3,1.2,3.1,39.1,1.6,1.9,81.3,2.2,4.4,49.6,1.276,0.53
Tim Duncan,C,61,60.0,25.2,8.6,1.9,5.4,7.3,2.7,0.8,1.3,1.5,2.0,1.8,16.98,3.5,7.2,48.8,0.0,0.0,0.0,1.5,2.1,70.2,3.5,7.2,49.0,1.1840000000000002,0.49
Patty Mills,PG,81,3.0,20.5,8.5,0.3,1.6,2.0,2.8,0.7,0.1,0.9,1.3,3.0,14.69,3.2,7.6,42.5,1.5,4.0,38.4,0.6,0.7,81.0,1.7,3.6,46.9,1.127,0.53
Danny Green,SG,79,79.0,26.1,7.2,0.6,3.2,3.8,1.8,1.0,0.8,0.9,1.8,1.9,10.49,2.7,7.1,37.6,1.5,4.4,33.2,0.4,0.6,73.9,1.2,2.7,44.8,1.02,0.48
David West,F,78,19.0,18.0,7.1,0.9,3.0,4.0,1.8,0.6,0.7,0.9,1.8,2.1,17.66,3.1,5.7,54.5,0.0,0.1,42.9,0.8,1.0,78.8,3.1,5.7,54.6,1.237,0.55
Boris Diaw,C,76,4.0,18.2,6.4,0.8,2.3,3.1,2.3,0.3,0.3,1.3,1.3,1.8,14.0,2.7,5.0,52.7,0.3,0.9,36.2,0.7,1.0,73.7,2.3,4.1,56.4,1.266,0.56
Kevin Martin,SG,16,1.0,16.3,6.2,0.3,1.6,1.8,0.8,0.6,0.1,0.8,0.9,0.9,10.19,1.9,5.3,35.3,0.7,2.1,33.3,1.8,1.9,93.3,1.2,3.3,36.5,1.165,0.42
Jonathon Simmons,G,55,2.0,14.8,6.0,0.3,1.5,1.7,1.1,0.4,0.1,1.0,1.9,1.1,11.98,2.2,4.4,50.4,0.3,0.9,38.3,1.3,1.7,75.0,1.9,3.5,53.3,1.368,0.54
Boban Marjanovic,C,54,4.0,9.4,5.5,1.4,2.2,3.6,0.4,0.2,0.4,0.5,1.0,0.7,27.77,1.9,3.2,60.3,0.0,0.0,0.0,1.6,2.1,76.3,1.9,3.2,60.3,1.7069999999999999,0.6
Kyle Anderson,F,78,11.0,16.0,4.5,0.3,2.8,3.1,1.6,0.8,0.4,0.8,1.2,2.1,12.99,1.8,3.8,46.8,0.2,0.5,32.4,0.8,1.1,74.7,1.6,3.3,48.8,1.186,0.49
Andre Miller,PG,13,4.0,13.9,4.3,0.5,1.6,2.1,2.2,0.5,0.0,0.9,1.1,2.4,12.96,1.8,3.7,47.9,0.1,0.3,25.0,0.7,1.0,69.2,1.7,3.4,50.0,1.167,0.49
Rasual Butler,SF,46,0.0,9.4,2.7,0.1,1.2,1.2,0.5,0.3,0.5,0.2,0.2,3.0,13.47,1.1,2.3,47.1,0.3,1.1,30.6,0.2,0.3,68.8,0.7,1.2,61.8,1.192,0.54
Matt Bonner,C,30,2.0,6.9,2.5,0.1,0.8,0.9,0.3,0.2,0.0,0.1,0.5,3.0,14.12,1.0,1.9,50.9,0.5,1.1,44.1,0.1,0.1,75.0,0.5,0.8,60.9,1.3330000000000002,0.64
Ray McCallum,PG,31,3.0,8.3,2.2,0.2,0.8,1.0,1.1,0.2,0.1,0.4,0.5,3.0,10.33,0.9,2.2,40.3,0.2,0.5,31.3,0.3,0.3,90.0,0.7,1.6,43.1,1.015,0.44
Total,sa,82,,,103.5,9.4,34.5,43.9,24.5,8.3,5.9,12.5,17.5,2.0,,40.1,82.9,48.4,7.0,18.5,37.5,16.4,20.4,80.3,33.2,64.4,51.5,1.249,0.53
DeMar DeRozan,SG,78,78.0,35.9,23.5,0.8,3.7,4.5,4.0,1.0,0.3,2.2,2.1,1.8,21.58,7.9,17.7,44.6,0.6,1.8,33.8,7.1,8.4,85.0,7.3,15.9,45.8,1.329,0.46
Kyle Lowry,PG,77,77.0,37.0,21.2,0.7,4.0,4.7,6.4,2.1,0.4,2.9,2.7,2.2,22.2,6.6,15.6,42.7,2.8,7.1,38.8,5.2,6.4,81.1,3.9,8.5,46.1,1.364,0.52
Jonas Valanciunas,C,60,59.0,26.0,12.8,3.1,6.1,9.1,0.7,0.4,1.3,1.4,2.6,0.5,22.63,5.1,8.9,56.5,0.0,0.0,0.0,2.7,3.6,76.1,5.1,8.9,56.5,1.433,0.57
DeMarre Carroll,F,26,22.0,30.2,11.0,1.2,3.5,4.7,1.0,1.7,0.2,1.1,2.4,1.0,11.94,4.0,10.4,38.9,1.8,4.5,39.0,1.2,1.9,60.0,2.3,5.8,38.8,1.0590000000000002,0.47
Terrence Ross,SG,73,7.0,23.9,9.9,0.3,2.2,2.5,0.8,0.7,0.3,0.6,1.6,1.2,12.95,3.7,8.6,43.1,1.8,4.6,38.6,0.7,0.8,79.0,1.9,3.9,48.4,1.15,0.54
Luis Scola,F,76,76.0,21.5,8.7,1.1,3.6,4.7,0.9,0.6,0.4,0.9,2.3,1.0,13.67,3.5,7.9,45.0,0.9,2.1,40.4,0.8,1.1,72.6,2.7,5.8,46.7,1.11,0.5
Cory Joseph,PG,80,4.0,25.6,8.5,0.5,2.1,2.6,3.1,0.8,0.3,1.3,1.6,2.5,12.43,3.2,7.3,43.9,0.4,1.4,27.3,1.7,2.2,76.4,2.8,5.9,47.8,1.157,0.46
Patrick Patterson,PF,79,0.0,25.6,6.9,1.0,3.4,4.3,1.2,0.7,0.4,0.8,1.6,1.4,10.61,2.6,6.2,41.4,1.3,3.7,36.2,0.4,0.4,85.3,1.2,2.5,49.0,1.101,0.52
Norman Powell,SG,49,24.0,14.8,5.6,0.3,1.9,2.3,1.0,0.6,0.2,0.7,1.2,1.5,13.36,2.0,4.7,42.4,0.7,1.8,40.4,0.9,1.1,81.1,1.2,2.9,43.6,1.192,0.5
Bismack Biyombo,C,82,22.0,22.0,5.5,2.2,5.8,8.0,0.4,0.2,1.6,0.9,2.7,0.4,14.91,1.9,3.5,54.2,0.0,0.0,0.0,1.7,2.8,62.8,1.9,3.5,54.4,1.5759999999999998,0.54
James Johnson,PF,57,32.0,16.2,5.0,0.5,1.7,2.2,1.2,0.5,0.6,0.9,1.5,1.2,11.41,2.0,4.2,47.5,0.4,1.2,30.3,0.7,1.2,57.4,1.6,3.1,54.0,1.196,0.52
Jason Thompson,PF,19,6.0,15.4,4.6,1.2,3.1,4.2,0.5,0.4,0.6,0.4,2.1,1.3,14.71,1.7,3.5,48.5,0.3,0.8,33.3,0.9,1.2,81.8,1.4,2.7,52.9,1.318,0.52
Delon Wright,PG,27,1.0,8.5,3.8,0.3,1.1,1.4,1.1,0.3,0.1,0.6,0.3,1.9,17.82,1.3,3.0,45.0,0.2,0.5,38.5,1.0,1.3,74.3,1.1,2.5,46.3,1.288,0.48
Lucas Nogueira,C,29,1.0,7.8,2.2,0.6,1.0,1.6,0.2,0.4,0.4,0.4,1.0,0.6,15.66,1.0,1.5,63.6,0.0,0.1,33.3,0.3,0.5,53.3,0.9,1.4,65.9,1.4769999999999999,0.65
Anthony Bennett,F,19,0.0,4.4,1.5,0.3,0.9,1.2,0.0,0.3,0.0,0.2,0.4,0.0,10.43,0.4,1.4,29.6,0.2,0.7,21.4,0.5,0.5,90.0,0.3,0.7,38.5,1.037,0.35
Bruno Caboclo,SF,6,1.0,7.2,0.5,0.2,0.2,0.3,0.2,0.3,0.2,0.7,0.3,0.3,-7.7,0.2,2.0,8.3,0.2,1.2,14.3,0.0,0.0,0.0,0.0,0.8,0.0,0.25,0.13
Total,tor,82,,,102.7,10.2,33.2,43.4,18.7,7.8,5.5,12.1,19.6,1.5,,36.7,81.3,45.1,8.6,23.4,37.0,20.8,26.7,77.7,28.0,58.0,48.3,1.263,0.5
Gordon Hayward,SF,80,80.0,36.2,19.7,0.8,4.2,5.0,3.7,1.2,0.3,2.5,2.3,1.5,18.37,6.5,15.0,43.3,1.8,5.1,34.9,4.9,6.0,82.4,4.7,9.9,47.7,1.3130000000000002,0.49
Derrick Favors,C,62,59.0,32.0,16.4,2.7,5.4,8.1,1.5,1.2,1.5,1.7,2.4,0.9,21.71,6.7,13.1,51.5,0.0,0.1,0.0,2.9,4.1,70.9,6.7,13.0,51.8,1.253,0.52
Rodney Hood,SG,79,79.0,32.2,14.5,0.5,2.9,3.4,2.7,0.9,0.2,1.6,2.6,1.7,14.17,5.2,12.3,42.0,2.0,5.7,35.9,2.2,2.5,86.0,3.1,6.6,47.2,1.182,0.5
Alec Burks,SG,31,3.0,25.7,13.3,0.5,3.0,3.5,2.0,0.6,0.1,1.6,2.3,1.2,14.38,4.4,10.8,41.0,1.0,2.5,40.5,3.4,4.5,75.2,3.4,8.2,41.2,1.234,0.46
Shelvin Mack,G,28,27.0,31.4,12.7,0.4,3.4,3.8,5.3,0.9,0.1,2.9,2.3,1.8,13.26,5.1,11.4,44.4,1.3,3.5,35.7,1.3,1.8,73.5,3.8,7.9,48.2,1.109,0.5
Trey Burke,PG,64,0.0,21.3,10.6,0.3,1.5,1.8,2.3,0.5,0.1,1.3,1.3,1.9,14.06,4.1,9.9,41.3,1.4,4.0,34.4,1.0,1.3,81.7,2.7,5.9,46.0,1.071,0.48
Rudy Gobert,C,61,60.0,31.7,9.1,3.4,7.5,11.0,1.5,0.7,2.2,1.9,2.7,0.8,17.51,3.2,5.8,55.9,0.0,0.0,0.0,2.6,4.6,56.9,3.2,5.8,55.9,1.5730000000000002,0.56
Trey Lyles,PF,80,33.0,17.3,6.1,0.7,3.0,3.7,0.7,0.3,0.2,0.8,1.4,0.9,11.7,2.4,5.5,43.8,0.6,1.6,38.3,0.7,1.0,69.5,1.8,3.9,46.1,1.119,0.49
Raul Neto,PG,81,53.0,18.5,5.9,0.2,1.3,1.5,2.1,0.8,0.0,1.3,1.5,1.6,10.28,2.2,5.2,43.1,0.8,2.0,39.5,0.6,0.9,74.3,1.4,3.2,45.3,1.139,0.51
Trevor Booker,F,79,2.0,20.7,5.9,2.1,3.6,5.7,1.1,0.7,0.5,1.0,2.1,1.0,14.4,2.4,4.9,49.0,0.2,0.5,29.3,0.9,1.3,67.0,2.3,4.4,51.3,1.193,0.51
Jeff Withey,C,51,10.0,12.9,4.3,1.1,2.3,3.4,0.4,0.4,1.0,0.5,1.5,0.7,17.69,1.7,3.2,53.7,0.0,0.0,0.0,0.8,1.2,72.9,1.7,3.1,54.4,1.34,0.54
Joe Ingles,SF,81,2.0,15.3,4.2,0.2,1.6,1.9,1.2,0.7,0.0,0.8,1.2,1.5,10.38,1.5,3.6,42.6,1.0,2.6,38.6,0.2,0.2,72.2,0.5,1.0,53.1,1.175,0.57
Chris Johnson,SG,70,2.0,12.2,2.9,0.4,1.5,1.9,0.6,0.5,0.3,0.6,1.4,1.1,8.2,1.0,2.8,37.1,0.4,1.4,27.6,0.5,0.6,81.0,0.6,1.4,46.9,1.057,0.44
Erick Green,PG,6,0.0,5.8,2.2,0.5,0.3,0.8,0.3,0.2,0.0,0.0,0.7,inf,14.78,0.8,2.0,41.7,0.2,0.7,25.0,0.3,0.3,100.0,0.7,1.3,50.0,1.083,0.46
Tibor Pleiss,C,12,0.0,6.8,2.0,0.5,0.8,1.3,0.2,0.1,0.2,0.7,1.6,0.3,3.55,0.9,2.1,44.0,0.0,0.2,0.0,0.2,0.2,100.0,0.9,1.9,47.8,0.96,0.44
Elijah Millsap,F,20,0.0,8.7,1.8,0.3,1.5,1.8,1.0,0.4,0.2,0.5,1.7,2.1,6.48,0.6,2.0,28.2,0.1,0.6,8.3,0.7,0.9,72.2,0.5,1.4,37.0,0.9229999999999999,0.29
J.J. O'Brien,SF,2,0.0,3.0,0.0,0.0,0.5,0.5,0.0,0.5,0.0,0.0,0.5,0.0,1.34,0.0,0.5,0.0,0.0,0.0,0.0,0.0,0.0,0.0,0.0,0.5,0.0,0.0,0.0
Total,utah,82,,,97.7,10.7,32.5,43.2,19.0,7.7,5.2,14.2,20.2,1.3,,36.1,80.4,44.9,8.5,23.8,35.5,17.1,23.0,74.4,27.6,56.6,48.8,1.215,0.5
John Wall,PG,77,77.0,36.2,19.9,0.5,4.4,4.9,10.2,1.9,0.8,4.1,2.1,2.5,19.83,7.4,17.5,42.4,1.5,4.3,35.1,3.5,4.5,79.1,5.9,13.3,44.8,1.135,0.47
Bradley Beal,SG,55,35.0,31.1,17.4,0.7,2.7,3.4,2.9,1.0,0.2,2.0,2.1,1.4,15.61,6.5,14.5,44.9,1.9,4.9,38.7,2.5,3.2,76.7,4.6,9.6,48.1,1.199,0.52
Marcin Gortat,C,75,74.0,30.1,13.5,3.0,6.9,9.9,1.4,0.6,1.3,1.6,2.6,0.9,19.04,5.8,10.2,56.7,0.0,0.0,0.0,1.9,2.8,70.5,5.8,10.2,56.7,1.325,0.57
Markieff Morris,PF,27,21.0,26.4,12.4,1.1,4.7,5.9,1.4,0.9,0.6,1.7,3.0,0.8,14.08,5.0,10.6,46.7,0.9,2.9,31.6,1.6,2.0,76.4,4.0,7.7,52.4,1.167,0.51
Otto Porter Jr.,SF,75,73.0,30.3,11.6,1.3,3.9,5.2,1.6,1.4,0.4,0.9,2.2,1.7,14.51,4.5,9.6,47.3,1.3,3.6,36.7,1.3,1.7,75.4,3.2,6.0,53.6,1.215,0.54
Ramon Sessions,G,82,5.0,20.3,9.9,0.3,2.2,2.5,2.9,0.6,0.1,1.4,1.2,2.1,15.93,3.4,7.2,47.3,0.4,1.4,32.4,2.6,3.5,75.6,3.0,5.9,50.7,1.368,0.5
Gary Neal,PG,40,2.0,20.2,9.8,0.3,1.8,2.1,1.2,0.5,0.0,0.7,1.4,1.6,13.59,3.8,8.1,46.5,1.0,2.5,41.0,1.2,1.4,85.5,2.8,5.6,48.9,1.2,0.53
Nene,C,57,11.0,19.2,9.2,0.9,3.6,4.5,1.7,0.9,0.5,1.3,2.7,1.3,16.86,3.7,6.7,54.4,0.0,0.1,0.0,1.9,3.2,57.8,3.7,6.7,54.9,1.367,0.54
Marcus Thornton,SG,14,2.0,16.0,8.4,0.5,2.0,2.5,1.4,0.9,0.1,0.8,1.2,1.7,15.55,3.0,7.6,39.3,1.3,3.9,33.3,1.1,1.5,76.2,1.7,3.8,45.3,1.103,0.48
Jared Dudley,SF,81,41.0,25.9,7.9,0.7,2.9,3.5,2.1,0.9,0.2,1.0,2.3,2.1,11.69,2.9,6.0,47.8,1.2,2.9,42.0,0.9,1.2,73.5,1.6,3.1,53.4,1.31,0.58
Garrett Temple,SG,80,43.0,24.4,7.3,0.5,2.2,2.7,1.8,0.9,0.2,0.8,2.4,2.2,9.29,2.5,6.3,39.8,1.1,3.2,34.5,1.1,1.6,72.8,1.4,3.1,45.3,1.1520000000000001,0.49
Kris Humphries,PF,28,14.0,16.6,6.4,0.9,3.2,4.1,0.6,0.1,0.5,0.7,1.5,0.8,11.86,2.3,5.6,40.5,0.8,2.4,34.3,1.0,1.1,93.5,1.5,3.3,45.1,1.139,0.48
Alan Anderson,SG,13,0.0,14.8,5.0,0.1,2.0,2.1,1.1,0.3,0.1,0.2,1.9,7.0,9.19,1.6,4.5,35.6,0.9,2.8,32.4,0.8,1.2,73.3,0.7,1.7,40.9,1.102,0.46
JJ Hickson,C,15,0.0,8.7,4.6,1.1,1.9,3.0,0.5,0.3,0.1,0.6,0.8,0.8,18.96,1.7,3.1,54.3,0.0,0.1,0.0,1.3,2.9,43.2,1.7,3.0,55.6,1.5,0.54
Kelly Oubre Jr.,SF,63,9.0,10.7,3.7,0.4,1.7,2.1,0.2,0.3,0.1,0.5,1.6,0.4,8.25,1.4,3.3,42.7,0.4,1.3,31.6,0.5,0.8,63.3,1.0,2.1,49.2,1.1179999999999999,0.49
Drew Gooden,PF,30,0.0,10.2,2.7,0.9,1.9,2.8,0.4,0.3,0.4,0.4,1.3,1.0,7.58,1.1,3.4,32.0,0.2,1.4,17.1,0.3,0.5,64.3,0.9,2.1,41.9,0.7959999999999999,0.35
Jarell Eddie,F,26,0.0,5.7,2.4,0.1,0.8,0.9,0.2,0.2,0.0,0.0,0.2,5.0,11.07,0.8,2.5,30.8,0.6,1.8,31.9,0.3,0.3,100.0,0.2,0.7,27.8,0.9690000000000001,0.42
DeJuan Blair,C,29,0.0,7.5,2.1,0.7,1.3,2.0,0.4,0.3,0.1,0.5,1.8,0.7,5.45,1.0,2.3,41.2,0.0,0.0,0.0,0.2,0.4,38.5,1.0,2.3,41.8,0.897,0.41
Ryan Hollins,C,5,3.0,9.6,1.6,1.4,0.8,2.2,0.0,0.0,0.2,0.6,0.8,0.0,7.28,0.8,1.4,57.1,0.0,0.0,0.0,0.0,0.0,0.0,0.8,1.4,57.1,1.143,0.57
Total,wsh,82,,,104.1,9.1,32.8,41.8,24.5,8.6,3.9,13.9,20.8,1.8,,39.5,85.8,46.0,8.6,24.2,35.8,16.5,22.5,73.0,30.8,61.6,50.1,1.213,0.51
