PLAYER,GP,MPG,TS%,AST,TO,USG,ORR,DRR,REBR,PER,VA,EWA
James Harden,72,35.4,.619,23.2,11.6,35.9,1.8,15.2,8.6,29.87,718.5,23.9
Russell Westbrook,80,36.4,.524,26.1,12.1,35.7,5.6,25.7,15.3,24.80,600.0,20.0
Joel Embiid,63,30.3,.573,11.7,13.8,31.8,8.4,29.7,19.4,22.95,352.5,11.7
LeBron James,82,36.9,.621,25.7,11.9,31.7,3.7,22.3,13.1,28.65,819.5,27.3
Devin Booker,54,34.5,.561,15.4,11.8,30.7,1.5,12.7,7.0,18.12,212.0,7.1
D'Angelo Russell,48,25.7,.509,22.1,13.1,30.6,2.6,13.8,8.1,15.31,79.3,2.6
DeMarcus Cousins,48,36.2,.583,16.7,15.8,30.5,6.8,30.9,19.2,22.66,312.5,10.4
Damian Lillard,73,36.6,.594,20.6,8.8,30.5,2.6,10.6,6.6,25.19,565.4,18.8
John Wall,41,34.4,.515,29.7,11.9,30.3,1.8,10.2,6.0,19.20,172.5,5.8
Kyrie Irving,60,32.2,.610,18.6,8.5,30.3,1.9,10.8,6.4,25.03,404.4,13.5
Dennis Schroder,67,31.0,.515,22.4,9.8,30.2,2.4,8.8,5.6,17.41,198.7,6.6
Stephen Curry,51,32.0,.675,21.2,10.5,30.0,2.7,14.4,9.0,28.32,421.7,14.1
Giannis Antetokounmpo,75,36.7,.598,15.9,9.8,29.8,6.7,25.3,16.0,27.37,652.7,21.8
Lou Williams,79,32.8,.574,18.9,10.6,29.3,1.7,6.6,4.2,20.29,378.3,12.6
Victor Oladipo,75,34.0,.577,15.8,10.7,29.1,2.1,15.1,8.6,23.12,480.7,16.0
Kevin Durant,68,34.2,.640,18.6,10.5,29.1,1.6,19.5,11.2,26.05,539.7,18.0
DeMar DeRozan,80,33.9,.555,18.5,7.8,29.0,2.5,10.4,6.5,21.10,429.0,14.3
Kristaps Porzingis,48,32.4,.539,4.9,8.0,29.0,4.4,18.1,11.3,20.42,206.9,6.9
Blake Griffin,58,34.0,.544,20.4,10.1,28.5,4.1,19.9,12.0,19.65,239.8,8.0
Zach LaVine,24,27.3,.499,13.9,8.3,28.4,1.4,14.4,7.7,14.65,35.8,1.2
Dennis Smith Jr.,69,29.7,.473,21.6,11.7,28.3,2.6,11.8,7.0,12.89,57.8,1.9
Tyreke Evans,52,30.9,.561,20.9,9.1,28.2,3.1,16.3,9.5,21.16,255.6,8.5
Isaiah Thomas,32,26.9,.508,21.1,13.1,28.2,2.2,6.3,4.2,12.63,20.9,0.7
Donovan Mitchell,79,33.4,.541,14.6,10.8,27.9,2.3,10.4,6.4,16.74,245.8,8.2
Anthony Davis,75,36.4,.612,8.4,7.9,27.7,7.7,24.8,16.5,28.98,711.4,23.7
LaMarcus Aldridge,75,33.5,.570,8.5,6.2,27.5,10.8,17.3,14.0,25.12,510.2,17.0
Reggie Jackson,45,26.7,.516,24.5,10.2,27.4,2.6,9.0,5.7,15.96,89.0,3.0
Kemba Walker,80,34.2,.572,20.5,8.2,27.1,1.2,8.7,4.9,20.62,392.9,13.1
Bradley Beal,82,36.3,.564,16.7,9.6,26.8,2.3,11.5,6.9,18.51,355.7,11.9
Zach Randolph,59,25.6,.529,12.1,11.0,26.4,7.0,23.7,15.0,17.41,133.0,4.4
J.J. Barea,69,23.2,.545,33.1,10.9,26.0,1.0,13.4,7.0,17.84,163.5,5.5
Trey Burke,36,21.8,.563,27.3,6.9,26.0,1.8,8.2,5.0,21.11,118.5,3.9
Mike James,36,19.1,.469,23.6,9.2,25.8,2.0,12.2,7.0,13.94,0.0,0.0
Michael Beasley,74,22.3,.556,10.8,12.5,25.8,6.5,21.2,13.9,17.89,182.4,6.1
CJ McCollum,81,36.1,.536,13.3,7.4,25.6,2.0,9.9,6.0,17.00,283.7,9.5
Sean Kilpatrick,52,12.3,.507,11.2,9.3,25.5,0.0,0.0,0.0,0.00,-100.3,-3.3
Eric Bledsoe,74,31.4,.582,21.6,12.6,25.5,2.6,11.7,7.1,19.79,304.8,10.2
Chris Paul,58,31.8,.604,30.9,8.6,25.4,2.3,16.7,9.5,24.39,369.2,12.3
Goran Dragic,75,31.7,.543,20.9,9.7,25.4,2.5,11.9,7.2,16.64,200.0,6.7
Paul George,79,36.6,.570,13.2,10.6,25.3,2.7,14.9,8.6,18.71,354.0,11.8
Kris Dunn,52,29.3,.488,26.4,12.8,25.2,1.6,14.4,7.8,14.58,81.6,2.7
Jusuf Nurkic,79,26.4,.528,10.2,13.1,25.1,10.0,26.9,18.5,19.28,270.3,9.0
Marc Gasol,73,33.0,.532,18.2,11.5,25.1,3.7,25.3,14.2,17.42,244.9,8.2
Marreese Speights,52,13.0,.539,8.8,8.8,25.1,3.4,18.4,10.8,13.76,22.7,0.8
Emmanuel Mudiay,64,19.4,.474,22.8,12.5,25.1,2.4,11.3,6.8,11.51,9.5,0.3
Nikola Jokic,75,32.5,.603,25.2,11.6,24.9,9.0,27.9,18.5,24.52,507.0,16.9
Nikola Vucevic,57,29.5,.533,16.2,9.2,24.9,6.6,27.8,17.1,19.79,230.8,7.7
Bobby Portis,73,22.5,.548,11.1,9.3,24.7,10.0,23.0,16.3,19.78,202.9,6.8
Josh Jackson,77,25.4,.480,9.0,11.1,24.6,5.1,14.2,9.6,11.91,41.1,1.4
Jimmy Butler,59,36.7,.590,19.1,7.2,24.6,4.2,12.7,8.4,23.70,426.4,14.2
Julius Randle,82,26.7,.606,13.9,14.1,24.3,8.9,22.8,15.9,19.96,276.5,9.2
Dion Waiters,30,30.6,.487,18.1,11.2,24.3,1.0,8.5,4.7,10.59,1.3,0.0
Malik Monk,63,13.5,.477,15.6,8.4,24.2,1.0,7.5,4.2,10.32,-2.3,-0.1
Greg Monroe,51,20.4,.598,17.6,14.5,24.2,0.0,0.0,0.0,21.24,165.2,5.5
Dwyane Wade,67,22.9,.500,20.1,12.4,23.8,3.7,14.6,9.2,15.09,105.1,3.5
De'Aaron Fox,73,27.8,.478,23.3,12.6,23.5,1.8,10.0,5.7,11.28,8.4,0.3
Khris Middleton,82,36.4,.577,16.8,9.8,23.5,1.8,15.0,8.4,17.45,309.4,10.3
Ben Simmons,81,33.7,.557,31.7,13.3,23.5,5.9,19.5,13.0,20.03,368.4,12.3
Harrison Barnes,77,34.2,.539,9.4,7.3,23.5,3.1,17.1,9.9,15.89,212.1,7.1
Rudy Gay,57,21.6,.545,9.7,10.4,23.4,6.8,19.5,13.1,18.03,138.3,4.6
Kevin Love,59,28.0,.614,9.9,8.7,23.4,7.0,29.8,18.6,22.44,291.8,9.7
T.J. Warren,65,33.0,.541,6.3,6.2,23.3,6.1,10.5,8.3,17.71,230.5,7.7
Eric Gordon,69,31.2,.578,11.3,9.6,23.3,1.3,7.5,4.4,15.22,151.8,5.1
Jamal Crawford,80,20.7,.519,17.3,8.9,23.2,1.4,5.5,3.5,13.06,63.2,2.1
Aaron Gordon,58,32.9,.530,11.3,8.9,23.2,5.0,21.5,13.2,16.51,142.8,4.8
Buddy Hield,80,25.3,.557,12.4,9.9,23.2,3.0,14.8,8.6,16.13,170.2,5.7
Ricky Rubio,77,29.3,.537,26.4,13.3,23.2,2.2,15.3,8.8,15.43,148.9,5.0
Avery Bradley,46,31.2,.496,11.0,11.8,23.2,1.7,7.4,4.5,9.71,-16.9,-0.6
Tim Hardaway Jr.,57,33.1,.533,13.1,7.8,23.0,1.9,11.3,6.6,14.48,112.1,3.7
Hassan Whiteside,54,25.3,.573,6.7,11.4,22.9,14.3,36.6,25.4,24.18,276.5,9.2
Jabari Parker,31,24.0,.550,12.8,9.8,22.9,6.6,17.1,11.9,17.19,63.1,2.1
Jrue Holiday,81,36.1,.570,23.7,10.4,22.8,2.4,10.8,6.8,17.87,300.0,10.0
Frank Mason III,52,18.9,.480,22.9,10.1,22.7,3.3,12.1,7.5,13.02,29.7,1.0
Jordan Clarkson,81,23.3,.542,16.0,9.2,22.7,3.3,9.1,6.2,16.50,155.0,5.2
Dwight Howard,81,30.4,.577,7.1,14.1,22.7,11.0,33.8,22.2,20.56,366.1,12.2
Caris LeVert,71,26.3,.525,23.6,12.1,22.6,3.0,11.9,7.4,14.30,105.7,3.5
Kyle Lowry,78,32.2,.598,30.2,10.3,22.6,3.0,16.1,9.7,19.53,319.4,10.6
Elfrid Payton,63,28.7,.538,30.2,12.9,22.6,3.8,12.8,8.3,16.60,151.0,5.0
Jamal Murray,81,31.7,.576,16.9,10.6,22.5,3.6,9.4,6.5,16.17,197.9,6.6
Montrezl Harrell,76,17.0,.647,9.4,8.6,22.5,8.9,17.0,13.0,24.73,255.4,8.5
Brook Lopez,74,23.4,.557,11.6,9.0,22.4,4.6,13.4,9.0,16.52,153.4,5.1
Carmelo Anthony,78,32.1,.503,7.1,6.8,22.3,2.9,17.7,10.0,12.78,47.7,1.6
Evan Fournier,57,32.2,.577,14.5,8.3,22.2,1.4,9.5,5.4,15.61,140.1,4.7
Andrew Wiggins,82,36.3,.505,9.2,7.9,22.2,3.1,10.8,6.9,13.10,115.8,3.9
Kent Bazemore,65,27.5,.547,19.8,13.7,22.1,1.6,13.9,7.7,14.51,107.0,3.6
Tobias Harris,80,33.4,.565,11.9,6.5,22.0,2.4,15.8,9.0,17.20,266.8,8.9
Klay Thompson,73,34.3,.598,12.1,8.3,22.0,1.5,10.3,6.2,16.15,211.4,7.0
Wayne Selden,35,19.7,.551,15.9,13.0,22.0,2.6,6.9,4.7,11.86,14.0,0.5
Karl-Anthony Towns,82,35.6,.646,11.7,9.3,21.9,9.3,30.9,20.0,24.99,626.6,20.9
Brandon Ingram,59,33.5,.536,18.2,11.8,21.8,3.1,13.8,8.5,13.90,100.1,3.3
Jeff Teague,70,33.0,.553,31.4,11.3,21.7,1.2,9.3,5.2,16.44,187.5,6.2
Jeremy Lamb,80,24.6,.559,15.5,7.7,21.7,2.7,15.4,8.9,17.08,193.1,6.4
Marcus Morris Sr.,54,26.7,.541,8.8,8.0,21.6,3.3,18.4,11.0,14.57,66.0,2.2
Paul Millsap,38,30.1,.549,15.4,10.7,21.6,6.4,17.6,12.1,17.06,95.0,3.2
Spencer Dinwiddie,80,28.8,.527,32.6,8.0,21.5,1.8,10.2,6.0,15.89,168.1,5.6
Manu Ginobili,65,20.0,.553,20.7,13.3,21.5,1.6,10.6,6.1,12.95,47.4,1.6
Ish Smith,82,24.9,.525,27.3,8.2,21.4,1.4,10.9,6.1,15.50,137.1,4.6
Lance Stephenson,82,22.6,.495,20.8,11.6,21.4,3.8,22.0,12.9,12.47,54.5,1.8
Rondae Hollis-Jefferson,68,28.3,.548,14.5,10.5,21.3,5.5,20.0,12.7,16.90,183.6,6.1
Jonas Valanciunas,77,22.4,.628,8.3,11.8,21.3,12.1,30.3,21.4,22.52,307.3,10.2
Kyle Kuzma,77,31.2,.549,10.0,9.9,21.3,3.9,17.4,10.7,14.22,97.3,3.2
Kelly Olynyk,76,23.4,.612,19.4,13.8,21.3,5.6,21.6,13.6,17.82,167.8,5.6
Tony Parker,55,19.5,.498,28.5,9.9,21.3,0.7,9.2,4.9,12.80,28.7,1.0
Domantas Sabonis,74,24.5,.567,14.4,13.1,21.2,10.4,25.2,17.8,17.57,188.6,6.3
Alec Burks,64,16.5,.527,11.3,10.1,21.2,2.1,18.4,10.3,13.13,41.6,1.4
Taurean Prince,82,30.0,.549,14.7,13.1,21.2,2.3,15.3,8.8,12.90,88.3,2.9
JJ Redick,70,30.2,.614,16.3,8.0,21.1,0.5,8.3,4.5,15.92,171.3,5.7
David West,73,13.7,.600,21.9,12.7,21.1,7.7,18.2,13.3,21.01,141.8,4.7
Willie Cauley-Stein,73,28.0,.529,14.8,9.4,21.0,7.0,22.0,14.2,17.61,213.8,7.1
Raymond Felton,82,16.6,.495,23.9,8.9,21.0,2.0,11.0,6.3,13.11,43.0,1.4
Jonathon Simmons,69,29.4,.555,14.4,12.3,20.9,3.3,9.7,6.5,12.80,69.6,2.3
C.J. Miles,70,19.1,.545,7.5,5.3,20.9,1.5,11.0,6.4,13.08,51.4,1.7
Enes Kanter,71,25.8,.630,10.3,12.0,20.9,16.6,30.6,23.6,24.02,366.6,12.2
Dejounte Murray,81,21.5,.485,22.2,12.9,20.8,7.0,22.4,14.6,15.09,106.5,3.6
Will Barton,81,33.1,.562,20.6,9.3,20.8,3.0,14.2,8.6,16.21,228.8,7.6
Devin Harris,71,18.9,.563,20.1,10.0,20.8,1.0,9.8,5.3,13.08,41.6,1.4
Gerald Green,41,22.7,.566,5.0,6.3,20.6,1.8,14.2,8.1,14.10,50.0,1.7
Andre Drummond,78,33.7,.555,15.9,13.4,20.6,16.4,36.4,26.2,22.94,483.5,16.1
Lauri Markkanen,68,29.7,.552,7.2,7.6,20.5,4.0,23.7,13.5,15.68,126.0,4.2
Isaiah Taylor,67,17.4,.492,27.8,11.3,20.5,2.1,6.9,4.5,10.94,-1.0,-0.0
Pau Gasol,77,23.5,.539,22.3,10.1,20.5,7.8,30.2,19.0,18.98,226.5,7.6
Austin Rivers,61,33.7,.526,19.7,8.9,20.4,1.5,6.2,3.9,12.60,49.2,1.6
Trey Lyles,73,19.1,.591,11.9,8.0,20.4,4.5,23.5,14.0,17.95,134.0,4.5
Marco Belinelli,80,24.3,.581,13.7,8.7,20.3,1.1,7.3,4.3,14.20,107.4,3.6
Gary Harris,67,34.4,.597,15.0,9.2,20.3,1.8,6.8,4.3,16.60,209.9,7.0
Dario Saric,78,29.6,.582,15.2,11.1,20.2,7.5,16.4,12.1,15.88,151.0,5.0
Cameron Payne,25,23.3,.498,30.5,9.7,20.2,3.2,9.8,6.4,14.04,26.4,0.9
Jaylen Brown,70,30.7,.562,10.0,10.8,20.1,3.4,14.0,8.8,13.69,102.4,3.4
Nikola Mirotic,55,27.2,.577,9.0,7.0,20.1,4.3,24.9,14.6,18.72,161.1,5.4
Skal Labissiere,60,20.7,.513,11.0,11.1,20.1,8.7,18.1,13.2,14.33,52.5,1.7
Terry Rozier,80,25.9,.520,19.7,6.8,20.1,3.4,16.3,9.9,15.12,127.2,4.2
Marcus Smart,54,29.9,.480,26.9,13.4,19.8,3.0,9.7,6.4,10.83,-4.2,-0.1
Mario Chalmers,66,21.5,.503,24.1,14.3,19.8,1.0,12.0,6.4,10.39,-12.9,-0.4
Joffrey Lauvergne,55,9.7,.536,14.4,11.6,19.8,13.0,22.6,17.8,16.52,47.2,1.6
Andrew Harrison,56,23.7,.534,23.4,10.7,19.7,2.0,9.7,5.7,12.72,43.9,1.5
Frank Kaminsky,79,23.2,.545,12.9,6.6,19.7,2.7,14.5,8.5,14.42,79.9,2.7
Danilo Gallinari,21,32.0,.545,11.3,7.2,19.6,1.5,14.9,8.3,13.96,34.6,1.2
Robin Lopez,64,26.4,.552,13.5,11.7,19.6,8.2,10.3,9.2,14.77,105.2,3.5
Fred VanVleet,76,20.0,.556,26.8,8.2,19.5,1.9,11.5,6.8,15.90,111.2,3.7
Bogdan Bogdanovic,78,27.9,.556,21.4,10.4,19.5,1.6,10.5,5.8,13.51,97.6,3.3
Tyler Ulis,71,23.4,.465,30.1,12.3,19.3,1.5,6.8,4.1,10.13,-21.6,-0.7
James Johnson,73,26.6,.575,25.3,12.8,19.3,3.5,17.2,10.3,15.82,125.3,4.2
Dirk Nowitzki,77,24.7,.575,12.3,5.2,19.3,1.2,25.2,12.8,16.76,174.7,5.8
Tyler Dorsey,56,17.4,.494,15.0,7.0,19.2,2.0,12.9,7.4,10.05,-6.5,-0.2
Shabazz Napier,74,20.7,.544,18.0,10.8,19.2,1.9,10.1,6.0,14.18,72.9,2.4
Rajon Rondo,65,26.2,.522,44.5,12.6,19.2,2.0,14.3,8.4,15.28,108.9,3.6
Nicolas Batum,64,31.0,.523,29.4,11.0,19.1,3.1,13.8,8.4,14.45,116.8,3.9
Milos Teodosic,45,25.2,.564,30.5,14.1,19.0,1.6,10.5,6.1,11.67,11.4,0.4
Mike Scott,76,18.5,.599,11.2,11.0,19.0,4.0,15.8,9.9,13.72,46.7,1.6
D.J. Augustin,75,23.5,.615,27.8,11.9,19.0,1.9,8.2,5.0,15.40,115.6,3.9
DeMarre Carroll,73,29.9,.550,12.9,9.0,18.9,5.1,18.4,11.7,14.31,124.0,4.1
Myles Turner,65,28.2,.567,9.5,10.5,18.9,5.8,19.8,12.8,16.65,165.7,5.5
Mario Hezonja,75,22.1,.544,12.4,10.1,18.8,2.7,16.1,9.3,13.73,79.9,2.7
Markieff Morris,73,27.0,.566,14.0,12.5,18.8,4.3,19.2,11.8,13.30,52.8,1.8
Al Horford,72,31.6,.575,26.6,10.3,18.7,5.0,20.3,12.8,17.63,208.4,6.9
Lonzo Ball,52,34.2,.444,34.0,12.3,18.7,4.2,17.3,10.8,12.53,40.6,1.4
Jerian Grant,74,22.8,.528,33.6,8.8,18.6,1.9,9.3,5.4,14.30,83.1,2.8
Langston Galloway,58,14.9,.503,13.4,4.1,18.5,1.6,10.3,5.9,12.27,22.9,0.8
Shelvin Mack,69,19.8,.518,33.3,10.9,18.5,1.8,11.6,6.7,13.35,47.9,1.6
Malcolm Brogdon,48,29.9,.578,20.0,8.7,18.5,1.9,10.8,6.4,14.31,70.9,2.4
Jayson Tatum,80,30.5,.586,10.8,9.6,18.3,2.3,15.6,9.0,15.29,174.5,5.8
Jarrett Jack,62,25.0,.490,37.1,12.2,18.3,1.6,12.1,6.8,11.50,11.6,0.4
Kelly Oubre Jr.,81,27.5,.534,9.1,8.3,18.3,3.0,15.4,9.2,11.99,49.5,1.6
Norman Powell,70,15.2,.492,16.3,12.1,18.3,1.5,10.9,6.3,8.57,-30.5,-1.0
Darren Collison,69,29.2,.610,31.9,7.4,18.3,2.1,7.8,5.0,18.86,236.8,7.9
Justin Anderson,38,13.7,.540,9.6,6.2,18.3,5.4,13.6,9.6,13.06,19.9,0.7
Draymond Green,70,32.7,.556,36.2,14.4,18.2,3.9,21.1,13.1,16.10,156.9,5.2
Jodie Meeks,77,14.5,.548,12.7,6.7,18.2,1.5,11.2,6.4,12.44,32.4,1.1
Jeff Green,78,23.4,.587,11.1,8.4,18.0,3.7,11.2,7.5,14.80,117.3,3.9
Serge Ibaka,76,27.5,.574,6.3,9.1,18.0,4.3,21.0,12.8,14.72,100.6,3.4
Chandler Parsons,36,19.2,.578,19.7,10.0,18.0,2.3,13.0,7.5,13.67,32.7,1.1
Allen Crabbe,75,29.3,.558,10.8,7.2,18.0,1.3,14.4,7.8,12.33,60.1,2.0
Ben McLemore,56,19.5,.526,9.9,11.9,18.0,3.5,11.4,7.4,9.73,-12.6,-0.4
Clint Capela,74,27.5,.650,7.1,10.7,18.0,13.5,30.8,22.2,24.55,423.6,14.1
Tyler Johnson,72,28.5,.549,16.3,8.0,17.9,1.9,11.7,6.8,13.07,78.6,2.6
Bojan Bogdanovic,80,30.8,.605,10.2,9.1,17.9,1.4,10.9,6.2,13.98,128.1,4.3
Nene,52,14.6,.594,12.2,10.3,17.9,8.1,18.0,13.1,16.47,66.4,2.2
Patty Mills,82,25.7,.558,21.4,9.9,17.8,1.4,6.8,4.1,11.89,27.8,0.9
Jawun Evans,48,16.2,.421,23.9,10.5,17.8,1.3,10.4,5.9,7.23,-43.8,-1.5
JaVale McGee,65,9.5,.641,10.9,8.9,17.8,11.5,18.7,15.4,22.39,108.2,3.6
Otto Porter Jr.,77,31.6,.602,13.4,6.4,17.7,4.8,18.1,11.4,18.37,285.6,9.5
Dillon Brooks,82,28.7,.531,12.2,11.2,17.7,2.4,10.5,6.3,9.89,-21.4,-0.7
Josh Richardson,81,33.2,.551,17.5,10.6,17.6,2.9,9.0,5.9,13.60,124.3,4.1
Tyler Ennis,54,12.6,.473,27.6,10.0,17.6,3.0,11.8,7.4,11.14,1.5,0.0
Frank Ntilikina,78,21.9,.437,27.4,14.4,17.5,2.4,9.1,5.8,7.11,-99.1,-3.3
Denzel Valentine,77,27.2,.527,22.5,9.1,17.5,2.4,18.4,10.1,12.12,50.6,1.7
Justin Holiday,72,31.5,.513,13.9,8.5,17.5,1.4,12.8,6.9,10.81,10.6,0.4
Delon Wright,69,20.8,.574,26.3,10.2,17.5,3.6,11.7,7.7,16.49,117.3,3.9
Malcolm Delaney,54,18.8,.519,29.4,11.9,17.4,1.0,10.0,5.5,10.67,-5.0,-0.2
Derrick Favors,77,28.0,.593,10.3,8.9,17.4,10.6,18.5,14.6,18.82,235.2,7.8
Marquese Chriss,72,21.2,.509,11.3,14.5,17.3,5.2,22.7,13.8,11.14,-8.2,-0.3
Joe Young,53,10.5,.521,14.8,9.9,17.3,2.4,10.3,6.4,10.12,-7.3,-0.2
Rodney Hood,60,26.9,.546,9.8,7.2,17.2,1.6,9.9,5.8,14.38,93.6,3.1
Noah Vonleh,54,16.2,.509,10.5,9.6,17.2,8.6,30.2,19.2,12.85,17.7,0.6
Quinn Cook,33,22.4,.593,23.2,8.3,17.2,1.6,10.2,6.2,12.88,20.8,0.7
Kyle O'Quinn,77,18.0,.625,22.6,14.3,17.2,9.7,27.8,18.8,20.01,194.6,6.5
Michael Carter-Williams,52,16.1,.446,26.6,11.9,17.0,4.7,13.3,8.9,10.84,-1.9,-0.1
Kobi Simmons,32,20.1,.490,21.8,14.1,17.0,2.5,6.6,4.5,7.73,-31.4,-1.0
JaMychal Green,55,28.0,.530,11.4,11.0,17.0,10.8,24.4,17.4,14.00,57.5,1.9
John Collins,74,24.1,.620,11.8,12.7,17.0,11.0,22.8,16.9,18.33,181.8,6.1
Ivan Rabb,36,14.3,.599,13.6,14.9,16.9,11.6,24.1,17.7,16.64,39.6,1.3
Davis Bertans,77,14.1,.588,14.9,7.2,16.9,1.8,13.9,7.8,14.13,57.2,1.9
Wesley Matthews,63,33.8,.541,17.3,8.3,16.9,1.4,9.2,5.2,11.49,31.3,1.0
Ersan Ilyasova,69,25.1,.558,10.8,8.6,16.9,7.6,18.1,12.9,14.94,88.8,3.0
Luke Kennard,73,20.0,.560,17.9,10.0,16.8,1.6,11.9,6.6,12.19,36.8,1.2
Timothe Luwawu-Cabarrot,52,15.5,.511,14.0,9.9,16.8,1.9,7.5,4.8,7.08,-41.2,-1.4
Mason Plumlee,74,19.5,.586,20.6,14.8,16.6,10.4,20.8,15.6,17.00,137.5,4.6
Zaza Pachulia,69,14.1,.612,22.4,14.8,16.6,11.0,25.0,18.5,17.00,92.9,3.1
Courtney Lee,76,30.4,.564,16.8,7.8,16.6,1.4,9.3,5.4,13.06,88.4,2.9
Robert Covington,80,31.6,.563,13.2,10.7,16.5,2.4,15.5,9.2,12.98,93.5,3.1
Thaddeus Young,81,32.2,.528,13.1,9.0,16.5,8.0,14.1,11.1,14.83,129.7,4.3
Joe Ingles,82,31.5,.623,30.0,12.2,16.5,1.1,13.9,7.6,14.42,150.8,5.0
Yogi Ferrell,82,27.8,.540,19.1,7.4,16.5,1.2,11.3,6.1,11.48,16.3,0.5
Terrence Ross,24,25.0,.505,13.9,10.6,16.4,1.8,11.6,6.7,9.96,-4.9,-0.2
Shaun Livingston,71,15.9,.533,24.7,10.2,16.4,3.4,9.2,6.5,11.64,10.8,0.4
Ian Clark,74,19.6,.529,16.0,8.3,16.4,0.8,8.4,4.7,9.45,-22.7,-0.8
Kentavious Caldwell-Pope,74,33.2,.561,14.2,8.5,16.3,2.6,14.1,8.4,13.22,99.7,3.3
Alex Len,69,20.2,.612,12.8,12.2,16.3,13.2,26.7,19.8,19.37,182.6,6.1
Tyrone Wallace,30,28.4,.517,17.8,11.5,16.3,2.7,10.7,6.8,10.18,-4.1,-0.1
Richaun Holmes,48,15.5,.585,17.3,7.1,16.2,8.6,21.4,15.2,17.47,66.5,2.2
Wayne Ellington,77,26.5,.588,9.1,6.0,16.2,1.3,10.7,6.0,12.54,62.2,2.1
Abdel Nader,48,10.9,.439,11.5,15.0,16.2,2.8,12.0,7.4,5.14,-41.8,-1.4
Nik Stauskas,41,12.8,.543,16.8,11.2,16.2,0.8,12.3,6.5,9.05,-11.3,-0.4
Jarell Martin,73,22.8,.516,10.3,12.2,16.2,6.6,15.8,11.1,10.52,-24.3,-0.8
Dewayne Dedmon,62,24.9,.599,13.0,12.4,16.2,7.2,28.1,17.7,15.85,120.8,4.0
Troy Daniels,79,20.5,.583,6.8,7.9,16.2,0.8,7.7,4.2,9.86,-15.4,-0.5
Aron Baynes,81,18.3,.502,14.2,12.2,16.1,9.7,22.1,16.0,12.09,33.1,1.1
Steven Adams,76,32.7,.630,8.4,12.1,16.0,16.6,13.9,15.3,20.69,374.5,12.5
Danny Green,70,25.6,.509,14.2,9.6,16.0,2.5,13.0,7.7,11.38,23.6,0.8
Garrett Temple,65,24.8,.536,17.4,11.1,16.0,1.5,9.6,5.4,10.29,-5.2,-0.2
Justise Winslow,68,24.7,.496,19.5,10.1,16.0,4.3,20.5,12.4,11.56,26.6,0.9
Bryn Forbes,80,19.0,.525,12.4,5.7,16.0,0.9,7.2,4.0,9.19,-29.8,-1.0
Larry Nance Jr.,66,21.5,.605,13.5,8.4,16.0,12.4,22.0,17.2,20.18,184.2,6.1
Cheick Diallo,52,11.2,.619,7.5,11.1,16.0,9.1,29.6,19.7,17.05,48.1,1.6
Joe Harris,78,25.3,.634,14.5,10.3,16.0,2.7,11.3,7.0,13.39,85.2,2.8
Nick Young,80,17.4,.562,6.1,6.6,15.9,1.7,7.9,5.0,10.10,-8.2,-0.3
Rudy Gobert,56,32.4,.657,10.5,14.0,15.9,10.4,27.0,18.8,20.71,274.1,9.1
Stanley Johnson,69,27.4,.480,13.8,9.5,15.8,1.9,13.0,7.3,9.08,-40.2,-1.3
Shane Larkin,54,14.4,.491,26.8,9.0,15.7,2.1,10.7,6.5,10.36,-7.5,-0.2
Gorgui Dieng,79,16.9,.543,12.6,10.5,15.7,9.1,22.2,15.6,14.69,81.4,2.7
Trevor Booker,68,17.0,.557,15.6,11.2,15.6,0.0,0.0,0.0,14.91,58.9,2.0
Pascal Siakam,81,20.7,.549,20.9,8.8,15.6,5.4,18.6,12.1,14.54,76.2,2.5
Malik Beasley,62,9.5,.509,12.5,9.7,15.6,2.7,10.9,6.8,9.03,-12.8,-0.4
Evan Turner,79,25.7,.520,19.3,11.0,15.5,1.6,11.4,6.5,9.88,-18.9,-0.6
Jerami Grant,81,20.3,.607,8.5,8.0,15.5,5.6,16.2,10.7,16.19,139.9,4.7
Bam Adebayo,69,19.8,.570,17.2,11.3,15.4,9.7,21.6,15.6,15.74,104.9,3.5
Thabo Sefolosha,38,21.2,.591,10.1,9.2,15.4,4.1,18.4,11.3,15.86,64.5,2.2
Omri Casspi,53,14.0,.632,15.7,11.4,15.4,4.9,24.0,15.1,15.56,0.0,0.0
E'Twaun Moore,82,31.5,.593,16.2,8.9,15.4,2.5,7.3,5.0,12.18,64.8,2.2
Doug McDermott,81,21.8,.579,11.6,8.3,15.3,2.5,10.1,6.3,10.46,-1.0,-0.0
Jarrett Allen,72,20.0,.636,8.3,13.8,15.3,10.5,18.1,14.3,17.56,149.7,5.0
Michael Kidd-Gilchrist,74,25.0,.536,9.4,7.0,15.2,4.8,13.0,8.8,12.54,56.2,1.9
George Hill,67,27.0,.580,21.9,10.4,15.2,2.6,8.9,5.7,13.35,63.4,2.1
Kyle Korver,73,21.6,.652,13.4,8.4,15.2,0.7,10.9,5.9,13.41,68.3,2.3
Marcin Gortat,82,25.3,.546,17.1,11.2,15.2,9.9,24.0,17.0,14.70,127.0,4.2
James Ennis III,72,22.3,.588,12.6,10.0,15.1,5.1,11.0,8.0,11.66,27.7,0.9
Reggie Bullock,62,27.9,.615,13.4,6.6,15.1,1.7,8.3,4.9,13.66,81.7,2.7
David Nwaba,70,23.5,.542,15.0,11.1,15.0,5.6,16.0,10.6,12.26,43.3,1.4
Cory Joseph,82,27.0,.503,26.2,8.8,15.0,2.0,11.4,6.7,10.99,-0.2,-0.0
Cody Zeller,33,19.0,.602,12.0,12.8,15.0,11.4,19.3,15.3,15.96,50.1,1.7
Cedi Osman,61,11.0,.577,14.7,11.5,14.9,3.2,16.6,10.0,11.06,5.6,0.2
Daniel Theis,63,14.8,.616,14.7,14.7,14.9,10.7,21.2,16.0,16.16,65.0,2.2
T.J. McConnell,76,22.4,.545,35.5,13.1,14.9,2.4,11.5,7.1,12.51,38.4,1.3
Mike Muscala,53,20.0,.597,11.8,9.7,14.9,5.9,18.3,12.1,14.39,45.7,1.5
Ian Mahinmi,77,14.9,.601,11.6,21.9,14.8,13.4,17.4,15.4,12.25,28.2,0.9
Matthew Dellavedova,38,18.7,.500,40.5,13.7,14.8,2.3,8.2,5.3,8.64,-25.1,-0.8
Tomas Satoransky,73,22.5,.615,36.0,10.4,14.8,5.0,11.1,8.0,15.35,119.0,4.0
Zach Collins,66,15.8,.475,12.5,13.9,14.7,4.7,18.2,11.5,7.56,-47.4,-1.6
Channing Frye,53,13.1,.599,13.6,7.5,14.7,1.9,19.4,10.8,13.16,17.2,0.6
Tim Frazier,59,14.2,.475,44.5,13.1,14.7,2.4,13.1,7.8,11.32,4.0,0.1
Kosta Koufos,71,19.6,.566,15.6,8.8,14.7,11.7,27.6,19.3,17.56,144.6,4.8
Sam Dekker,73,12.1,.534,10.7,9.3,14.7,5.6,16.0,10.8,11.56,13.9,0.5
Dwight Powell,79,21.2,.656,13.8,8.9,14.7,8.7,21.3,14.7,18.82,205.2,6.8
Jonas Jerebko,74,15.3,.586,9.7,6.2,14.6,5.4,19.1,12.3,13.25,29.7,1.0
Paul Zipser,54,15.2,.445,13.8,12.9,14.6,1.6,16.0,8.5,5.24,-64.6,-2.2
Deyonta Davis,62,15.2,.621,11.0,8.8,14.6,9.0,22.0,15.3,16.69,85.7,2.9
Jerryd Bayless,39,23.7,.546,14.2,12.1,14.6,1.8,7.3,4.7,7.58,-47.2,-1.6
DeAndre Jordan,77,31.5,.648,12.1,14.1,14.5,15.1,37.6,26.5,20.17,346.3,11.5
Tarik Black,51,10.5,.582,6.4,17.3,14.4,13.3,20.8,17.1,14.29,22.3,0.7
Vince Carter,58,17.7,.523,17.1,8.9,14.3,1.9,15.1,8.2,10.80,4.6,0.2
Royce O'Neale,69,16.7,.540,20.3,11.8,14.3,2.5,20.6,11.7,10.84,5.8,0.2
Anthony Tolliver,79,22.2,.663,13.3,8.5,14.2,3.1,12.3,7.6,13.89,62.7,2.1
John Henson,76,25.9,.582,14.8,10.9,14.2,9.0,21.5,15.3,15.78,152.3,5.1
Wilson Chandler,74,31.6,.542,17.1,9.9,14.2,4.9,14.2,9.6,10.99,17.2,0.6
Jae Crowder,80,26.1,.525,10.9,8.1,14.1,3.2,11.5,7.4,10.44,-33.1,-1.1
Marvin Williams,78,25.7,.603,12.3,8.5,14.1,3.9,16.3,10.0,13.90,71.8,2.4
Al-Farouq Aminu,69,30.0,.522,10.8,10.1,14.1,5.2,22.3,13.8,12.02,16.0,0.5
Jonathan Isaac,27,19.8,.465,9.0,13.4,14.0,3.3,17.2,10.2,9.85,-13.2,-0.4
Bismack Biyombo,82,18.2,.556,11.6,14.7,14.0,10.5,24.0,17.2,14.15,79.2,2.6
Jordan Bell,57,14.2,.641,28.5,14.3,14.0,8.9,19.0,14.3,18.00,89.3,3.0
Luke Babbitt,50,14.3,.576,11.3,6.9,14.0,1.1,13.9,7.5,9.87,-6.7,-0.2
Tyler Cavanaugh,39,13.3,.567,13.4,6.5,14.0,9.7,17.6,13.7,13.09,12.3,0.4
Taj Gibson,82,33.3,.610,9.8,8.8,14.0,8.1,16.7,12.3,15.45,160.9,5.4
Jakob Poeltl,82,18.6,.662,10.0,14.9,14.0,12.4,16.4,14.4,17.55,158.1,5.3
Nemanja Bjelica,67,20.5,.581,16.3,9.8,13.9,4.4,18.8,11.5,12.62,22.8,0.8
Jameer Nelson,50,20.3,.489,35.9,13.4,13.8,1.4,9.5,5.6,8.16,-43.1,-1.4
Tyus Jones,82,17.9,.572,35.4,9.0,13.8,1.2,9.2,5.2,14.10,67.8,2.3
Corey Brewer,72,16.8,.534,13.8,10.4,13.8,3.8,10.1,6.9,11.19,12.5,0.4
Joe Johnson,55,21.9,.490,16.2,9.6,13.8,1.3,14.7,8.1,8.12,-42.7,-1.4
Kyle Anderson,74,26.7,.582,25.3,11.8,13.8,4.7,17.6,11.1,15.91,159.8,5.3
Trevor Ariza,67,33.9,.567,12.4,6.1,13.7,1.7,12.9,7.3,11.80,44.0,1.5
Quincy Acy,70,19.4,.525,11.2,11.8,13.6,3.1,17.1,10.0,8.23,-46.1,-1.5
Justin Jackson,68,22.1,.521,13.5,7.3,13.6,2.0,12.6,7.1,9.25,-28.2,-0.9
Thon Maker,74,16.7,.499,10.3,9.8,13.6,7.1,14.2,10.6,10.22,-7.1,-0.2
Alex Caruso,37,15.2,.519,30.5,17.1,13.5,2.9,9.4,6.2,8.72,-15.0,-0.5
Ryan Anderson,66,26.1,.592,9.6,6.7,13.5,6.2,15.4,10.8,12.60,28.2,0.9
Brandon Paul,64,9.0,.504,17.5,13.7,13.3,1.1,12.0,6.5,7.48,-26.0,-0.9
C.J. Williams,38,18.6,.512,16.1,7.5,13.3,1.9,6.8,4.4,9.56,-10.0,-0.3
JR Smith,80,28.1,.534,16.8,9.6,13.3,1.5,10.1,5.9,8.48,-67.7,-2.3
Dwayne Bacon,53,13.5,.431,14.4,8.7,13.3,0.6,18.5,9.4,5.84,-49.6,-1.7
Cristiano Felicio,55,17.8,.614,15.3,15.0,13.1,8.8,17.1,12.8,12.53,28.1,0.9
Tyler Zeller,66,16.8,.598,10.2,10.2,13.1,10.9,19.4,15.1,16.01,89.5,3.0
Pat Connaughton,82,18.1,.539,16.7,7.9,13.1,2.7,9.1,5.9,9.35,-25.5,-0.8
Amir Johnson,74,15.8,.575,25.1,11.7,13.0,11.8,18.4,15.2,14.90,75.1,2.5
Josh Hart,63,23.2,.596,14.7,8.7,13.0,3.1,16.0,9.6,12.25,38.0,1.3
Sterling Brown,54,14.4,.503,9.4,9.4,13.0,4.1,17.5,10.8,9.13,-15.9,-0.5
Maxi Kleber,72,16.8,.576,12.3,7.2,12.9,6.3,15.6,10.8,13.45,35.1,1.2
Khem Birch,42,13.8,.582,16.4,10.1,12.7,13.2,21.1,17.1,16.43,50.3,1.7
Patrick McCaw,57,16.9,.477,22.4,11.3,12.5,2.0,7.2,4.8,7.42,-44.1,-1.5
Wesley Johnson,74,20.1,.512,12.0,10.8,12.4,2.2,13.6,8.0,9.81,-15.3,-0.5
Dragan Bender,82,25.2,.524,17.4,15.0,12.4,2.0,16.8,9.3,7.11,-135.7,-4.5
Miles Plumlee,55,16.7,.574,14.3,20.0,12.3,9.4,18.3,13.9,10.67,1.0,0.0
Alex Abrines,75,15.1,.567,7.7,6.9,12.2,2.5,8.9,5.6,9.03,-24.8,-0.8
Darius Miller,82,23.7,.617,16.2,8.5,12.2,1.0,7.9,4.6,9.32,-34.3,-1.1
Salah Mejri,61,12.0,.644,14.6,16.2,12.1,12.5,25.4,18.7,17.81,78.5,2.6
Maurice Harkless,59,21.4,.596,12.7,9.6,12.1,4.0,9.9,7.0,12.59,39.5,1.3
Jose Calderon,57,16.0,.643,32.8,11.5,12.1,1.7,8.5,5.2,11.27,3.7,0.1
Luc Mbah a Moute,61,25.6,.595,10.8,13.3,12.1,1.6,11.7,6.7,10.29,-28.2,-0.9
Andre Iguodala,64,25.4,.536,33.1,10.5,11.9,3.7,12.6,8.5,11.22,17.4,0.6
Arron Afflalo,53,12.9,.516,13.4,9.4,11.9,0.6,10.1,5.3,5.85,-47.4,-1.6
Sindarius Thornwell,73,15.8,.519,17.3,13.5,11.8,3.2,10.0,6.7,8.22,-39.4,-1.3
Tristan Thompson,53,20.2,.569,9.7,10.6,11.8,13.4,23.3,18.4,13.66,49.0,1.6
OG Anunoby,74,20.0,.587,11.6,9.5,11.8,3.4,10.4,7.0,10.00,-11.1,-0.4
Kevon Looney,66,13.8,.588,14.0,10.3,11.7,11.0,15.2,13.2,14.82,58.6,2.0
Torrey Craig,39,16.1,.535,12.7,10.1,11.6,7.2,15.5,11.4,9.86,-6.0,-0.2
Ed Davis,78,18.9,.607,9.0,14.8,11.5,13.7,28.8,21.3,15.55,88.8,3.0
Wes Iwundu,62,16.5,.480,17.5,9.2,11.2,3.9,11.0,7.4,7.83,-40.7,-1.4
Treveon Graham,63,16.7,.553,17.7,8.1,11.1,4.3,8.3,6.2,9.00,-23.5,-0.8
Jared Dudley,48,14.3,.553,32.0,11.5,10.8,1.2,13.6,7.3,8.79,-17.5,-0.6
Patrick Patterson,82,15.5,.555,15.2,8.8,10.7,2.7,14.6,8.4,10.00,-28.4,-0.9
Tyson Chandler,46,25.0,.658,15.6,17.4,10.3,12.2,26.8,19.4,14.26,62.9,2.1
Lance Thomas,73,18.5,.513,11.7,10.9,10.3,3.6,10.7,7.2,6.33,-84.3,-2.8
Tony Snell,75,27.4,.578,16.9,6.2,10.1,0.5,7.5,4.0,8.49,-61.7,-2.1
Eric Moreland,67,12.0,.531,30.7,16.2,10.1,10.9,27.6,19.1,13.99,29.9,1.0
Jason Terry,51,16.0,.525,24.4,10.3,10.1,0.7,6.2,3.5,8.10,-29.2,-1.0
Terrance Ferguson,61,12.5,.545,9.3,5.4,10.0,2.7,4.2,3.4,7.43,-35.0,-1.2
P.J. Tucker,82,27.8,.537,12.5,12.0,9.9,4.6,17.8,11.3,8.36,-72.8,-2.4
Dante Cunningham,73,21.4,.539,10.3,7.1,9.2,5.5,14.8,10.3,10.00,-11.6,-0.4
Ekpe Udoh,63,12.9,.560,24.4,9.2,9.2,9.6,11.4,10.5,15.19,55.5,1.9
Josh Huestis,69,14.2,.417,8.4,11.0,9.1,4.6,13.9,9.1,5.39,-74.8,-2.5
DeAndre Liggins,58,12.5,.467,27.2,11.4,8.7,1.1,10.6,5.9,5.97,-49.0,-1.6
Andre Roberson,39,26.6,.543,18.1,11.8,8.7,7.8,12.2,9.9,10.90,6.1,0.2
Semi Ojeleye,73,15.8,.473,8.0,10.0,8.4,3.6,11.6,7.7,4.57,-119.0,-4.0
